date,price,date,month,day_of_week
2015-04-21,36250.375,2015-04-21,4,1
2015-04-22,41571.255319148935,2015-04-22,4,2
2015-04-23,34058.5,2015-04-23,4,3
2015-04-24,37422.458333333336,2015-04-24,4,4
2015-04-25,34447.49253731343,2015-04-25,4,5
2015-04-26,38888.3,2015-04-26,4,6
2015-04-27,39143.232876712325,2015-04-27,4,0
2015-04-28,41298.718309859156,2015-04-28,4,1
2015-04-29,41633.68656716418,2015-04-29,4,2
2015-04-30,37958.07042253521,2015-04-30,4,3
2015-05-01,36917.08450704225,2015-05-01,5,4
2015-05-02,39614.67605633803,2015-05-02,5,5
2015-05-03,39447.0,2015-05-03,5,6
2015-05-04,39060.708333333336,2015-05-04,5,0
2015-05-05,38770.59722222222,2015-05-05,5,1
2015-05-06,38812.681818181816,2015-05-06,5,2
2015-05-07,39035.12698412698,2015-05-07,5,3
2015-05-08,38892.81690140845,2015-05-08,5,4
2015-05-09,38824.394366197186,2015-05-09,5,5
2015-05-10,39355.59701492537,2015-05-10,5,6
2015-05-11,40897.55072463768,2015-05-11,5,0
2015-05-12,40302.434782608696,2015-05-12,5,1
2015-05-13,40613.09090909091,2015-05-13,5,2
2015-05-14,39522.78378378379,2015-05-14,5,3
2015-05-15,39347.642857142855,2015-05-15,5,4
2015-05-16,39439.416666666664,2015-05-16,5,5
2015-05-17,39269.09090909091,2015-05-17,5,6
2015-05-18,39785.391304347824,2015-05-18,5,0
2015-05-19,40106.9,2015-05-19,5,1
2015-05-20,40163.708333333336,2015-05-20,5,2
2015-05-21,40609.04285714286,2015-05-21,5,3
2015-05-22,40792.86111111111,2015-05-22,5,4
2015-05-23,40335.8125,2015-05-23,5,5
2015-05-24,40620.9375,2015-05-24,5,6
2015-05-25,41521.112676056335,2015-05-25,5,0
2015-05-26,43354.24637681159,2015-05-26,5,1
2015-05-27,42744.11111111111,2015-05-27,5,2
2015-05-28,42530.45070422535,2015-05-28,5,3
2015-05-29,41948.89552238806,2015-05-29,5,4
2015-05-30,41336.583333333336,2015-05-30,5,5
2015-06-01,41985.98591549296,2015-06-01,6,0
2015-06-02,42266.357142857145,2015-06-02,6,1
2015-06-03,42493.90277777778,2015-06-03,6,2
2015-06-04,42587.80281690141,2015-06-04,6,3
2015-06-05,42862.42465753425,2015-06-05,6,4
2015-06-06,42976.333333333336,2015-06-06,6,5
2015-06-07,42835.3125,2015-06-07,6,6
2015-06-08,44193.69117647059,2015-06-08,6,0
2015-06-09,44669.605633802814,2015-06-09,6,1
2015-06-10,44723.290322580644,2015-06-10,6,2
2015-06-11,45630.85964912281,2015-06-11,6,3
2015-06-12,46500.43076923077,2015-06-12,6,4
2015-06-13,45909.5,2015-06-13,6,5
2015-06-14,46686.42253521127,2015-06-14,6,6
2015-06-15,47575.944444444445,2015-06-15,6,0
2015-06-16,47953.22857142857,2015-06-16,6,1
2015-06-17,48559.28571428572,2015-06-17,6,2
2015-06-18,49474.958333333336,2015-06-18,6,3
2015-06-19,49963.98611111111,2015-06-19,6,4
2015-06-20,50322.27142857143,2015-06-20,6,5
2015-06-21,50344.971830985916,2015-06-21,6,6
2015-06-22,51367.02777777778,2015-06-22,6,0
2015-06-23,52930.22222222222,2015-06-23,6,1
2015-06-24,52819.882352941175,2015-06-24,6,2
2015-06-25,52732.51515151515,2015-06-25,6,3
2015-06-26,51163.230769230766,2015-06-26,6,4
2015-06-27,49739.98611111111,2015-06-27,6,5
2015-06-28,49228.583333333336,2015-06-28,6,6
2015-06-29,50032.6,2015-06-29,6,0
2015-06-30,48541.0,2015-06-30,6,1
2015-07-01,48233.91379310345,2015-07-01,7,2
2015-07-02,47928.10447761194,2015-07-02,7,3
2015-07-03,47657.33802816901,2015-07-03,7,4
2015-07-04,47664.083333333336,2015-07-04,7,5
2015-07-05,47476.704225352114,2015-07-05,7,6
2015-07-06,47700.583333333336,2015-07-06,7,0
2015-07-07,47437.583333333336,2015-07-07,7,1
2015-07-08,47512.333333333336,2015-07-08,7,2
2015-07-09,47251.083333333336,2015-07-09,7,3
2015-07-10,47189.84722222222,2015-07-10,7,4
2015-07-11,47038.555555555555,2015-07-11,7,5
2015-07-12,47298.0,2015-07-12,7,6
2015-07-13,47312.569444444445,2015-07-13,7,0
2015-07-14,47087.930555555555,2015-07-14,7,1
2015-07-15,46978.09722222222,2015-07-15,7,2
2015-07-16,47154.2,2015-07-16,7,3
2015-07-17,47073.58571428571,2015-07-17,7,4
2015-07-18,46818.45070422535,2015-07-18,7,5
2015-07-19,46749.828571428574,2015-07-19,7,6
2015-07-20,47005.84722222222,2015-07-20,7,0
2015-07-21,47256.26388888889,2015-07-21,7,1
2015-07-22,47499.694444444445,2015-07-22,7,2
2015-07-23,47327.73611111111,2015-07-23,7,3
2015-07-24,47176.72222222222,2015-07-24,7,4
2015-07-25,46901.5,2015-07-25,7,5
2015-07-26,46822.805555555555,2015-07-26,7,6
2015-07-27,47202.042253521126,2015-07-27,7,0
2015-07-28,46923.708333333336,2015-07-28,7,1
2015-07-29,46893.51851851852,2015-07-29,7,2
2015-07-30,47158.52777777778,2015-07-30,7,3
2015-07-31,46630.98591549296,2015-07-31,7,4
2015-08-01,46554.633802816905,2015-08-01,8,5
2015-08-02,46554.957746478874,2015-08-02,8,6
2015-08-03,46813.36111111111,2015-08-03,8,0
2015-08-04,46996.13432835821,2015-08-04,8,1
2015-08-05,47218.885714285716,2015-08-05,8,2
2015-08-06,47330.74285714285,2015-08-06,8,3
2015-08-07,47691.51388888889,2015-08-07,8,4
2015-08-08,47693.76388888889,2015-08-08,8,5
2015-08-09,47203.833333333336,2015-08-09,8,6
2015-08-10,47741.7323943662,2015-08-10,8,0
2015-08-11,47499.666666666664,2015-08-11,8,1
2015-08-12,47634.11111111111,2015-08-12,8,2
2015-08-13,48589.042253521126,2015-08-13,8,3
2015-08-14,47606.73611111111,2015-08-14,8,4
2015-08-15,47109.11111111111,2015-08-15,8,5
2015-08-16,47361.625,2015-08-16,8,6
2015-08-17,47541.15492957747,2015-08-17,8,0
2015-08-18,47398.985714285714,2015-08-18,8,1
2015-08-19,48066.0,2015-08-19,8,2
2015-08-20,47644.0,2015-08-20,8,3
2015-08-21,47614.01388888889,2015-08-21,8,4
2015-08-22,47358.7323943662,2015-08-22,8,5
2015-08-23,47430.319444444445,2015-08-23,8,6
2015-08-24,47825.680555555555,2015-08-24,8,0
2015-08-25,47640.08450704225,2015-08-25,8,1
2015-08-26,47803.069444444445,2015-08-26,8,2
2015-08-27,47967.11111111111,2015-08-27,8,3
2015-08-28,47601.069444444445,2015-08-28,8,4
2015-08-29,47331.208333333336,2015-08-29,8,5
2015-08-30,47426.11111111111,2015-08-30,8,6
2015-08-31,47704.916666666664,2015-08-31,8,0
2015-09-01,47593.02777777778,2015-09-01,9,1
2015-09-02,47531.541666666664,2015-09-02,9,2
2015-09-03,48273.25396825397,2015-09-03,9,3
2015-09-04,49329.22222222222,2015-09-04,9,4
2015-09-05,48364.6,2015-09-05,9,5
2015-09-06,48228.59722222222,2015-09-06,9,6
2015-09-07,48819.63888888889,2015-09-07,9,0
2015-09-08,49040.042253521126,2015-09-08,9,1
2015-09-09,49429.666666666664,2015-09-09,9,2
2015-09-10,49564.63888888889,2015-09-10,9,3
2015-09-11,49479.541666666664,2015-09-11,9,4
2015-09-12,49350.416666666664,2015-09-12,9,5
2015-09-13,49313.305555555555,2015-09-13,9,6
2015-09-14,49954.09722222222,2015-09-14,9,0
2015-09-15,50177.680555555555,2015-09-15,9,1
2015-09-16,50105.46666666667,2015-09-16,9,2
2015-09-17,50550.569444444445,2015-09-17,9,3
2015-09-18,50275.854166666664,2015-09-18,9,4
2015-09-19,51708.859154929574,2015-09-19,9,5
2015-09-20,51474.51470588235,2015-09-20,9,6
2015-09-21,51783.916666666664,2015-09-21,9,0
2015-09-22,51736.43939393939,2015-09-22,9,1
2015-09-23,52074.58571428571,2015-09-23,9,2
2015-09-24,52287.82608695652,2015-09-24,9,3
2015-09-25,52127.11111111111,2015-09-25,9,4
2015-09-26,51929.23611111111,2015-09-26,9,5
2015-09-27,51687.083333333336,2015-09-27,9,6
2015-09-28,52568.944444444445,2015-09-28,9,0
2015-09-29,52425.02777777778,2015-09-29,9,1
2015-09-30,52224.140845070426,2015-09-30,9,2
2015-10-01,52543.541666666664,2015-10-01,10,3
2015-10-02,52540.833333333336,2015-10-02,10,4
2015-10-03,52398.36111111111,2015-10-03,10,5
2015-10-04,52502.166666666664,2015-10-04,10,6
2015-10-05,53349.295774647886,2015-10-05,10,0
2015-10-06,53743.13888888889,2015-10-06,10,1
2015-10-07,54082.706896551725,2015-10-07,10,2
2015-10-08,54459.69014084507,2015-10-08,10,3
2015-10-09,55180.8,2015-10-09,10,4
2015-10-10,55111.84722222222,2015-10-10,10,5
2015-10-11,55343.416666666664,2015-10-11,10,6
2015-10-12,56722.704225352114,2015-10-12,10,0
2015-10-13,57797.625,2015-10-13,10,1
2015-10-14,58717.76388888889,2015-10-14,10,2
2015-10-15,59930.12857142857,2015-10-15,10,3
2015-10-16,60304.041666666664,2015-10-16,10,4
2015-10-17,60133.91428571429,2015-10-17,10,5
2015-10-18,60845.583333333336,2015-10-18,10,6
2015-10-19,61763.0,2015-10-19,10,0
2015-10-20,62230.56923076923,2015-10-20,10,1
2015-10-21,61802.142857142855,2015-10-21,10,2
2015-10-22,62645.680555555555,2015-10-22,10,3
2015-10-23,62404.38888888889,2015-10-23,10,4
2015-10-24,61901.52112676056,2015-10-24,10,5
2015-10-25,61698.57534246575,2015-10-25,10,6
2015-10-26,62259.05633802817,2015-10-26,10,0
2015-10-27,62142.30985915493,2015-10-27,10,1
2015-10-28,62227.71666666667,2015-10-28,10,2
2015-10-29,61961.54929577465,2015-10-29,10,3
2015-10-30,61266.281690140844,2015-10-30,10,4
2015-10-31,61096.76388888889,2015-10-31,10,5
2015-11-01,61142.17391304348,2015-11-01,11,6
2015-11-02,61452.43661971831,2015-11-02,11,0
2015-11-03,61680.028169014084,2015-11-03,11,1
2015-11-04,61881.15714285714,2015-11-04,11,2
2015-11-05,61517.01408450704,2015-11-05,11,3
2015-11-06,61530.88888888889,2015-11-06,11,4
2015-11-07,61749.97222222222,2015-11-07,11,5
2015-11-08,61591.52777777778,2015-11-08,11,6
2015-11-09,62226.77777777778,2015-11-09,11,0
2015-11-10,62452.569444444445,2015-11-10,11,1
2015-11-11,62347.83098591549,2015-11-11,11,2
2015-11-12,62164.416666666664,2015-11-12,11,3
2015-11-13,61683.38888888889,2015-11-13,11,4
2015-11-14,61849.7323943662,2015-11-14,11,5
2015-11-15,61599.291666666664,2015-11-15,11,6
2015-11-16,62744.859154929574,2015-11-16,11,0
2015-11-17,63176.444444444445,2015-11-17,11,1
2015-11-18,62314.36666666667,2015-11-18,11,2
2015-11-19,63063.43661971831,2015-11-19,11,3
2015-11-20,62836.375,2015-11-20,11,4
2015-11-21,62293.458333333336,2015-11-21,11,5
2015-11-22,62495.04285714286,2015-11-22,11,6
2015-11-23,62922.76388888889,2015-11-23,11,0
2015-11-24,62867.859154929574,2015-11-24,11,1
2015-11-25,62563.430555555555,2015-11-25,11,2
2015-11-26,62404.40277777778,2015-11-26,11,3
2015-11-27,62034.27777777778,2015-11-27,11,4
2015-11-28,61648.09722222222,2015-11-28,11,5
2015-11-29,61788.26388888889,2015-11-29,11,6
2015-11-30,61911.01408450704,2015-11-30,11,0
2015-12-01,61575.52777777778,2015-12-01,12,1
2015-12-02,62213.81690140845,2015-12-02,12,2
2015-12-03,61781.78431372549,2015-12-03,12,3
2015-12-04,61628.47887323944,2015-12-04,12,4
2015-12-05,61368.76388888889,2015-12-05,12,5
2015-12-06,61435.625,2015-12-06,12,6
2015-12-07,61661.416666666664,2015-12-07,12,0
2015-12-08,61445.90277777778,2015-12-08,12,1
2015-12-09,61740.788732394365,2015-12-09,12,2
2015-12-10,61556.125,2015-12-10,12,3
2015-12-11,61378.708333333336,2015-12-11,12,4
2015-12-12,61147.67605633803,2015-12-12,12,5
2015-12-13,61359.375,2015-12-13,12,6
2015-12-14,61585.791666666664,2015-12-14,12,0
2015-12-15,61645.07042253521,2015-12-15,12,1
2015-12-16,62126.64615384615,2015-12-16,12,2
2015-12-17,61695.05172413793,2015-12-17,12,3
2015-12-18,61455.65714285714,2015-12-18,12,4
2015-12-19,60971.34722222222,2015-12-19,12,5
2015-12-20,61095.35211267605,2015-12-20,12,6
2015-12-21,61254.958333333336,2015-12-21,12,0
2015-12-22,60950.25,2015-12-22,12,1
2015-12-23,60525.805555555555,2015-12-23,12,2
2015-12-24,60362.708333333336,2015-12-24,12,3
2015-12-25,60132.59154929577,2015-12-25,12,4
2015-12-26,60246.971830985916,2015-12-26,12,5
2015-12-27,60280.81690140845,2015-12-27,12,6
2015-12-28,60126.833333333336,2015-12-28,12,0
2015-12-29,59965.48611111111,2015-12-29,12,1
2015-12-30,59729.569444444445,2015-12-30,12,2
2015-12-31,59597.069444444445,2015-12-31,12,3
2016-01-01,59709.625,2016-01-01,1,4
2016-01-02,59601.8,2016-01-02,1,5
2016-01-03,59716.529411764706,2016-01-03,1,6
2016-01-04,60057.625,2016-01-04,1,0
2016-01-05,59918.0,2016-01-05,1,1
2016-01-06,59902.211267605635,2016-01-06,1,2
2016-01-07,60099.86111111111,2016-01-07,1,3
2016-01-08,59635.566666666666,2016-01-08,1,4
2016-01-09,59801.69014084507,2016-01-09,1,5
2016-01-10,59791.028169014084,2016-01-10,1,6
2016-01-11,60108.12857142857,2016-01-11,1,0
2016-01-12,60294.02857142857,2016-01-12,1,1
2016-01-13,60401.97142857143,2016-01-13,1,2
2016-01-14,60549.84722222222,2016-01-14,1,3
2016-01-15,60494.42253521127,2016-01-15,1,4
2016-01-16,60294.416666666664,2016-01-16,1,5
2016-01-17,60403.98611111111,2016-01-17,1,6
2016-01-18,61008.819444444445,2016-01-18,1,0
2016-01-19,61000.90277777778,2016-01-19,1,1
2016-01-20,61122.19718309859,2016-01-20,1,2
2016-01-21,61335.2676056338,2016-01-21,1,3
2016-01-22,61327.291666666664,2016-01-22,1,4
2016-01-23,61277.180555555555,2016-01-23,1,5
2016-01-24,61372.36111111111,2016-01-24,1,6
2016-01-25,61767.47222222222,2016-01-25,1,0
2016-01-26,61791.81690140845,2016-01-26,1,1
2016-01-27,62282.555555555555,2016-01-27,1,2
2016-01-28,62202.33802816901,2016-01-28,1,3
2016-01-29,61676.30985915493,2016-01-29,1,4
2016-01-30,61507.444444444445,2016-01-30,1,5
2016-01-31,61667.791666666664,2016-01-31,1,6
2016-02-01,62148.65277777778,2016-02-01,2,0
2016-02-02,62388.6,2016-02-02,2,1
2016-02-03,63019.875,2016-02-03,2,2
2016-02-04,63085.73611111111,2016-02-04,2,3
2016-02-05,63226.76056338028,2016-02-05,2,4
2016-02-06,62852.16901408451,2016-02-06,2,5
2016-02-07,63358.541666666664,2016-02-07,2,6
2016-02-08,64150.944444444445,2016-02-08,2,0
2016-02-09,64835.15714285714,2016-02-09,2,1
2016-02-10,65534.9552238806,2016-02-10,2,2
2016-02-11,66611.02816901408,2016-02-11,2,3
2016-02-12,67174.57746478873,2016-02-12,2,4
2016-02-13,67162.94444444444,2016-02-13,2,5
2016-02-14,67812.33333333333,2016-02-14,2,6
2016-02-15,68856.80555555556,2016-02-15,2,0
2016-02-16,69972.23611111111,2016-02-16,2,1
2016-02-17,71372.56944444444,2016-02-17,2,2
2016-02-18,71388.77777777778,2016-02-18,2,3
2016-02-19,71307.93055555556,2016-02-19,2,4
2016-02-20,70986.4647887324,2016-02-20,2,5
2016-02-21,71057.3661971831,2016-02-21,2,6
2016-02-22,71840.97222222222,2016-02-22,2,0
2016-02-23,72504.83333333333,2016-02-23,2,1
2016-02-24,72917.27777777778,2016-02-24,2,2
2016-02-25,72930.79166666667,2016-02-25,2,3
2016-02-26,72566.80281690141,2016-02-26,2,4
2016-02-27,71978.01408450704,2016-02-27,2,5
2016-02-28,72000.83333333333,2016-02-28,2,6
2016-02-29,72401.08333333333,2016-02-29,2,0
2016-03-01,72410.97101449275,2016-03-01,3,1
2016-03-02,72412.84507042254,2016-03-02,3,2
2016-03-03,73006.27777777778,2016-03-03,3,3
2016-03-04,72622.08333333333,2016-03-04,3,4
2016-03-05,72283.95833333333,2016-03-05,3,5
2016-03-06,72616.68055555556,2016-03-06,3,6
2016-03-07,73460.61904761905,2016-03-07,3,0
2016-03-08,74626.11267605633,2016-03-08,3,1
2016-03-09,74839.11111111111,2016-03-09,3,2
2016-03-10,75590.95774647887,2016-03-10,3,3
2016-03-11,76206.76056338029,2016-03-11,3,4
2016-03-12,76066.58620689655,2016-03-12,3,5
2016-03-13,76766.5,2016-03-13,3,6
2016-03-14,78129.24590163934,2016-03-14,3,0
2016-03-18,82557.0,2016-03-18,3,4
2016-03-19,83560.70833333333,2016-03-19,3,5
2016-03-20,84072.36111111111,2016-03-20,3,6
2016-03-21,85159.63888888889,2016-03-21,3,0
2016-03-22,85784.48611111111,2016-03-22,3,1
2016-03-23,85871.14285714286,2016-03-23,3,2
2016-03-24,84970.75,2016-03-24,3,3
2016-03-25,84680.93333333333,2016-03-25,3,4
2016-03-26,85283.73611111111,2016-03-26,3,5
2016-03-27,85188.20289855072,2016-03-27,3,6
2016-03-28,85232.5,2016-03-28,3,0
2016-03-29,85474.6338028169,2016-03-29,3,1
2016-03-30,85379.56410256411,2016-03-30,3,2
2016-03-31,84904.95238095238,2016-03-31,3,3
2016-04-01,84146.35211267606,2016-04-01,4,4
2016-04-02,83630.25352112677,2016-04-02,4,5
2016-04-03,83511.13888888889,2016-04-03,4,6
2016-04-04,84070.40277777778,2016-04-04,4,0
2016-04-05,83875.97222222222,2016-04-05,4,1
2016-04-06,84066.53448275862,2016-04-06,4,2
2016-04-07,84629.83582089552,2016-04-07,4,3
2016-04-08,84236.15492957746,2016-04-08,4,4
2016-04-09,83953.72222222222,2016-04-09,4,5
2016-04-10,83683.8309859155,2016-04-10,4,6
2016-04-11,84673.58333333333,2016-04-11,4,0
2016-04-12,84605.91666666667,2016-04-12,4,1
2016-04-13,83729.33333333333,2016-04-13,4,2
2016-04-14,85570.59615384616,2016-04-14,4,3
2016-04-15,85128.85915492958,2016-04-15,4,4
2016-04-16,84717.48611111111,2016-04-16,4,5
2016-04-17,84222.98611111111,2016-04-17,4,6
2016-04-18,85538.51388888889,2016-04-18,4,0
2016-04-19,85850.01388888889,2016-04-19,4,1
2016-04-20,85677.06944444444,2016-04-20,4,2
2016-04-21,86439.16666666667,2016-04-21,4,3
2016-04-22,85599.09722222222,2016-04-22,4,4
2016-04-23,85449.11111111111,2016-04-23,4,5
2016-04-24,85256.93055555556,2016-04-24,4,6
2016-04-25,85545.40277777778,2016-04-25,4,0
2016-04-26,85447.92857142857,2016-04-26,4,1
2016-04-27,85151.66197183098,2016-04-27,4,2
2016-04-28,85394.11940298507,2016-04-28,4,3
2016-04-29,84446.98591549296,2016-04-29,4,4
2016-04-30,84217.0985915493,2016-04-30,4,5
2016-05-01,84030.27777777778,2016-05-01,5,6
2016-05-02,84802.36111111111,2016-05-02,5,0
2016-05-03,85478.94444444444,2016-05-03,5,1
2016-05-04,85411.875,2016-05-04,5,2
2016-05-05,85498.38888888889,2016-05-05,5,3
2016-05-06,85834.55555555556,2016-05-06,5,4
2016-05-07,85567.14084507042,2016-05-07,5,5
2016-05-08,85821.40845070423,2016-05-08,5,6
2016-05-09,87079.78873239437,2016-05-09,5,0
2016-05-10,87503.76666666666,2016-05-10,5,1
2016-05-11,88484.69354838709,2016-05-11,5,2
2016-05-12,88838.73611111111,2016-05-12,5,3
2016-05-13,88541.11111111111,2016-05-13,5,4
2016-05-14,88004.625,2016-05-14,5,5
2016-05-15,88286.18055555556,2016-05-15,5,6
2016-05-16,88402.57746478873,2016-05-16,5,0
2016-05-17,88789.08333333333,2016-05-17,5,1
2016-05-18,89860.23076923077,2016-05-18,5,2
2016-05-19,90218.69047619047,2016-05-19,5,3
2016-05-20,89467.11111111111,2016-05-20,5,4
2016-05-21,88862.71428571429,2016-05-21,5,5
2016-05-22,89028.84507042254,2016-05-22,5,6
2016-05-23,89719.5,2016-05-23,5,0
2016-05-24,90013.31944444444,2016-05-24,5,1
2016-05-25,90626.23943661971,2016-05-25,5,2
2016-05-26,90190.41428571429,2016-05-26,5,3
2016-05-27,89948.13888888889,2016-05-27,5,4
2016-05-28,89410.39436619719,2016-05-28,5,5
2016-05-29,89706.56944444444,2016-05-29,5,6
2016-05-30,89677.40277777778,2016-05-30,5,0
2016-05-31,89190.625,2016-05-31,5,1
2016-06-01,89367.63235294117,2016-06-01,6,2
2016-06-02,89065.69444444444,2016-06-02,6,3
2016-06-03,88872.31944444444,2016-06-03,6,4
2016-06-04,88594.80281690141,2016-06-04,6,5
2016-06-05,88488.42857142857,2016-06-05,6,6
2016-06-06,89137.66666666667,2016-06-06,6,0
2016-06-07,88940.77777777778,2016-06-07,6,1
2016-06-08,88695.43055555556,2016-06-08,6,2
2016-06-09,88696.56944444444,2016-06-09,6,3
2016-06-10,87881.13888888889,2016-06-10,6,4
2016-06-11,87432.26388888889,2016-06-11,6,5
2016-06-12,87183.97222222222,2016-06-12,6,6
2016-06-13,87489.65277777778,2016-06-13,6,0
2016-06-14,87170.52777777778,2016-06-14,6,1
2016-06-15,87252.88059701493,2016-06-15,6,2
2016-06-16,87485.20833333333,2016-06-16,6,3
2016-06-17,86844.1,2016-06-17,6,4
2016-06-18,86426.66666666667,2016-06-18,6,5
2016-06-19,85860.47222222222,2016-06-19,6,6
2016-06-20,86623.2957746479,2016-06-20,6,0
2016-06-21,86351.35211267606,2016-06-21,6,1
2016-06-22,86089.33333333333,2016-06-22,6,2
2016-06-23,85843.95833333333,2016-06-23,6,3
2016-06-24,85259.05555555556,2016-06-24,6,4
2016-06-25,84582.27777777778,2016-06-25,6,5
2016-06-26,84508.80555555556,2016-06-26,6,6
2016-06-27,84881.92957746479,2016-06-27,6,0
2016-06-28,84561.63888888889,2016-06-28,6,1
2016-06-29,84455.15625,2016-06-29,6,2
2016-06-30,83631.35714285714,2016-06-30,6,3
2016-07-01,82454.84057971014,2016-07-01,7,4
2016-07-02,81954.11111111111,2016-07-02,7,5
2016-07-03,81598.30555555556,2016-07-03,7,6
2016-07-04,81932.55555555556,2016-07-04,7,0
2016-07-05,81692.81690140846,2016-07-05,7,1
2016-07-06,82196.88333333333,2016-07-06,7,2
2016-07-07,81880.84722222222,2016-07-07,7,3
2016-07-08,81526.20833333333,2016-07-08,7,4
2016-07-09,81166.97222222222,2016-07-09,7,5
2016-07-10,81140.70833333333,2016-07-10,7,6
2016-07-11,81615.60563380281,2016-07-11,7,0
2016-07-12,81495.98611111111,2016-07-12,7,1
2016-07-13,81614.07692307692,2016-07-13,7,2
2016-07-14,82004.47222222222,2016-07-14,7,3
2016-07-15,81440.26388888889,2016-07-15,7,4
2016-07-16,81236.08450704225,2016-07-16,7,5
2016-07-17,81994.2957746479,2016-07-17,7,6
2016-07-18,82557.95774647887,2016-07-18,7,0
2016-07-19,83595.41176470589,2016-07-19,7,1
2016-07-20,86392.51851851853,2016-07-20,7,2
2016-07-21,86253.28846153847,2016-07-21,7,3
2016-07-22,83788.12068965517,2016-07-22,7,4
2016-07-23,82049.3606557377,2016-07-23,7,5
2016-07-24,81671.22222222222,2016-07-24,7,6
2016-07-25,81327.19444444444,2016-07-25,7,0
2016-07-26,80868.2463768116,2016-07-26,7,1
2016-07-27,81226.81944444444,2016-07-27,7,2
2016-07-28,80967.80882352941,2016-07-28,7,3
2016-07-29,79529.19718309859,2016-07-29,7,4
2016-07-30,78430.625,2016-07-30,7,5
2016-07-31,77400.23611111111,2016-07-31,7,6
2016-08-01,77540.43055555556,2016-08-01,8,0
2016-08-02,76864.71830985915,2016-08-02,8,1
2016-08-03,76873.20588235294,2016-08-03,8,2
2016-08-04,76141.0731707317,2016-08-04,8,3
2016-08-05,75231.34782608696,2016-08-05,8,4
2016-08-06,74470.61904761905,2016-08-06,8,5
2016-08-07,74171.89855072464,2016-08-07,8,6
2016-08-08,74694.09722222222,2016-08-08,8,0
2016-08-09,75490.08450704225,2016-08-09,8,1
2016-08-10,76853.89552238806,2016-08-10,8,2
2016-08-11,74172.62121212122,2016-08-11,8,3
2016-08-12,72759.69230769231,2016-08-12,8,4
2016-08-13,71820.85714285714,2016-08-13,8,5
2016-08-14,71233.21538461538,2016-08-14,8,6
2016-08-15,71177.0,2016-08-15,8,0
2016-08-16,71044.19444444444,2016-08-16,8,1
2016-08-17,71474.08333333333,2016-08-17,8,2
2016-08-18,71398.95774647887,2016-08-18,8,3
2016-08-19,71131.40277777778,2016-08-19,8,4
2016-08-20,70452.04166666667,2016-08-20,8,5
2016-08-21,70576.18055555556,2016-08-21,8,6
2016-08-22,70824.14084507042,2016-08-22,8,0
2016-08-23,70141.125,2016-08-23,8,1
2016-08-25,69281.0,2016-08-25,8,3
2016-08-26,69737.0,2016-08-26,8,4
2016-08-28,68759.35593220338,2016-08-28,8,6
2016-08-29,68621.85714285714,2016-08-29,8,0
2016-08-30,73395.71428571429,2016-08-30,8,1
2016-08-31,71393.87142857142,2016-08-31,8,2
2016-09-01,68018.3661971831,2016-09-01,9,3
2016-09-02,65746.74242424243,2016-09-02,9,4
2016-09-03,64833.132352941175,2016-09-03,9,5
2016-09-04,63722.38888888889,2016-09-04,9,6
2016-09-05,63671.42253521127,2016-09-05,9,0
2016-09-06,63506.23611111111,2016-09-06,9,1
2016-09-07,63723.67605633803,2016-09-07,9,2
2016-09-08,63990.18309859155,2016-09-08,9,3
2016-09-09,64008.819444444445,2016-09-09,9,4
2016-09-10,64076.958333333336,2016-09-10,9,5
2016-09-11,64211.05882352941,2016-09-11,9,6
2016-09-12,64774.708333333336,2016-09-12,9,0
2016-09-13,65591.35211267606,2016-09-13,9,1
2016-09-14,66836.15384615384,2016-09-14,9,2
2016-09-15,67808.56923076924,2016-09-15,9,3
2016-09-16,67850.04225352113,2016-09-16,9,4
2016-09-17,67769.64285714286,2016-09-17,9,5
2016-09-18,68226.88888888889,2016-09-18,9,6
2016-09-19,69149.67142857143,2016-09-19,9,0
2016-09-20,69432.73529411765,2016-09-20,9,1
2016-09-21,69222.2,2016-09-21,9,2
2016-09-22,69231.40277777778,2016-09-22,9,3
2016-09-23,68684.12676056338,2016-09-23,9,4
2016-09-24,68274.91549295775,2016-09-24,9,5
2016-09-25,68297.09722222222,2016-09-25,9,6
2016-09-26,68854.41666666667,2016-09-26,9,0
2016-09-27,68929.36111111111,2016-09-27,9,1
2016-09-28,68813.67647058824,2016-09-28,9,2
2016-09-29,68763.80555555556,2016-09-29,9,3
2016-09-30,68508.07042253521,2016-09-30,9,4
2016-10-01,67947.78873239437,2016-10-01,10,5
2016-10-02,67883.65277777778,2016-10-02,10,6
2016-10-03,68151.05555555556,2016-10-03,10,0
2016-10-04,68217.66666666667,2016-10-04,10,1
2016-10-05,68215.54285714286,2016-10-05,10,2
2016-10-06,68376.40909090909,2016-10-06,10,3
2016-10-07,68374.625,2016-10-07,10,4
2016-10-08,68306.94444444444,2016-10-08,10,5
2016-10-09,68496.73611111111,2016-10-09,10,6
2016-10-10,69254.07042253521,2016-10-10,10,0
2016-10-11,69618.64179104478,2016-10-11,10,1
2016-10-12,69538.47692307692,2016-10-12,10,2
2016-10-13,69716.73611111111,2016-10-13,10,3
2016-10-14,70334.15277777778,2016-10-14,10,4
2016-10-15,69996.68055555556,2016-10-15,10,5
2016-10-16,70298.01388888889,2016-10-16,10,6
2016-10-17,71864.20833333333,2016-10-17,10,0
2016-10-18,72691.6,2016-10-18,10,1
2016-10-19,73127.07246376811,2016-10-19,10,2
2016-10-20,73553.74285714286,2016-10-20,10,3
2016-10-21,74446.09722222222,2016-10-21,10,4
2016-10-22,75042.04347826086,2016-10-22,10,5
2016-10-23,76286.73611111111,2016-10-23,10,6
2016-10-24,78866.45070422535,2016-10-24,10,0
2016-10-25,79957.53968253969,2016-10-25,10,1
2016-10-26,80684.06818181818,2016-10-26,10,2
2016-10-27,80405.19444444444,2016-10-27,10,3
2016-10-28,80539.7,2016-10-28,10,4
2016-10-29,80365.05555555556,2016-10-29,10,5
2016-10-30,80775.81081081081,2016-10-30,10,6
2016-10-31,81287.21126760563,2016-10-31,10,0
2016-11-01,81227.51388888889,2016-11-01,11,1
2016-11-02,81137.92857142857,2016-11-02,11,2
2016-11-03,81231.7205882353,2016-11-03,11,3
2016-11-04,80913.55172413793,2016-11-04,11,4
2016-11-05,81092.02777777778,2016-11-05,11,5
2016-11-06,81883.98550724638,2016-11-06,11,6
2016-11-07,83186.59154929577,2016-11-07,11,0
2016-11-08,83431.97368421052,2016-11-08,11,1
2016-11-09,86833.07462686567,2016-11-09,11,2
2016-11-10,87846.66666666667,2016-11-10,11,3
2016-11-11,87995.02777777778,2016-11-11,11,4
2016-11-12,87758.81944444444,2016-11-12,11,5
2016-11-13,87641.59722222222,2016-11-13,11,6
2016-11-14,89552.79166666667,2016-11-14,11,0
2016-11-15,89533.55,2016-11-15,11,1
2016-11-16,91118.95652173914,2016-11-16,11,2
2016-11-17,93975.72222222222,2016-11-17,11,3
2016-11-18,96955.29166666667,2016-11-18,11,4
2016-11-19,99543.66666666667,2016-11-19,11,5
2016-11-20,99928.48611111111,2016-11-20,11,6
2016-11-21,99996.93055555556,2016-11-21,11,0
2016-11-22,100110.4647887324,2016-11-22,11,1
2016-11-23,99735.7042253521,2016-11-23,11,2
2016-11-24,99711.98611111111,2016-11-24,11,3
2016-11-25,99505.80555555556,2016-11-25,11,4
2016-11-26,98525.875,2016-11-26,11,5
2016-11-27,98722.80281690141,2016-11-27,11,6
2016-11-28,99879.7205882353,2016-11-28,11,0
2016-11-29,99415.0,2016-11-29,11,1
2016-12-02,98853.43548387097,2016-12-02,12,4
2016-12-03,98976.35384615384,2016-12-03,12,5
2016-12-04,98797.94444444444,2016-12-04,12,6
2016-12-05,99607.56338028169,2016-12-05,12,0
2016-12-06,99585.70833333333,2016-12-06,12,1
2016-12-07,99919.81690140846,2016-12-07,12,2
2016-12-08,99895.23943661971,2016-12-08,12,3
2016-12-09,99629.28169014085,2016-12-09,12,4
2016-12-10,99504.29166666667,2016-12-10,12,5
2016-12-11,99775.4776119403,2016-12-11,12,6
2016-12-12,100379.56944444444,2016-12-12,12,0
2016-12-13,101050.36111111111,2016-12-13,12,1
2016-12-14,100509.78260869565,2016-12-14,12,2
2016-12-15,100941.69565217392,2016-12-15,12,3
2016-12-16,100927.58571428571,2016-12-16,12,4
2016-12-17,101019.31944444444,2016-12-17,12,5
2016-12-18,101168.58333333333,2016-12-18,12,6
2016-12-19,102422.22222222222,2016-12-19,12,0
2016-12-20,103572.81944444444,2016-12-20,12,1
2016-12-21,104005.25352112677,2016-12-21,12,2
2016-12-22,102786.11267605633,2016-12-22,12,3
2016-12-23,102097.5352112676,2016-12-23,12,4
2016-12-24,101420.68965517242,2016-12-24,12,5
2016-12-27,103695.33333333333,2016-12-27,12,1
2016-12-28,103894.49295774648,2016-12-28,12,2
2016-12-29,104143.18309859154,2016-12-29,12,3
2016-12-30,103290.8,2016-12-30,12,4
2016-12-31,103793.01492537314,2016-12-31,12,5
2017-01-01,104265.86111111111,2017-01-01,1,6
2017-01-02,106071.27777777778,2017-01-02,1,0
2017-01-03,107323.125,2017-01-03,1,1
2017-01-04,108198.5352112676,2017-01-04,1,2
2017-01-05,108984.08450704225,2017-01-05,1,3
2017-01-06,109221.79166666667,2017-01-06,1,4
2017-01-07,109823.36111111111,2017-01-07,1,5
2017-01-08,111386.86111111111,2017-01-08,1,6
2017-01-09,114960.90277777778,2017-01-09,1,0
2017-01-10,119459.67164179105,2017-01-10,1,1
2017-01-11,127729.30952380953,2017-01-11,1,2
2017-01-12,122797.44444444444,2017-01-12,1,3
2017-01-13,119762.31884057971,2017-01-13,1,4
2017-01-14,118248.26760563381,2017-01-14,1,5
2017-01-15,117512.06944444444,2017-01-15,1,6
2017-01-16,118902.79166666667,2017-01-16,1,0
2017-01-17,119275.98611111111,2017-01-17,1,1
2017-01-18,119249.34285714285,2017-01-18,1,2
2017-01-19,118223.9857142857,2017-01-19,1,3
2017-01-20,116479.51388888889,2017-01-20,1,4
2017-01-21,115211.42028985507,2017-01-21,1,5
2017-01-22,115270.18055555556,2017-01-22,1,6
2017-01-23,116601.55555555556,2017-01-23,1,0
2017-01-24,116426.22222222222,2017-01-24,1,1
2017-01-25,116896.47457627118,2017-01-25,1,2
2017-01-26,114792.28571428571,2017-01-26,1,3
2017-01-27,115057.97183098592,2017-01-27,1,4
2017-01-28,113658.86111111111,2017-01-28,1,5
2017-01-29,113610.34722222222,2017-01-29,1,6
2017-01-30,117620.94366197183,2017-01-30,1,0
2017-01-31,115129.67142857143,2017-01-31,1,1
2017-02-01,114003.11940298507,2017-02-01,2,2
2017-02-02,112428.66197183098,2017-02-02,2,3
2017-02-03,112590.71830985915,2017-02-03,2,4
2017-02-04,111473.14084507042,2017-02-04,2,5
2017-02-05,111628.375,2017-02-05,2,6
2017-02-06,113363.48611111111,2017-02-06,2,0
2017-02-07,149667.64705882352,2017-02-07,2,1
2017-02-08,144863.21212121213,2017-02-08,2,2
2017-02-09,149925.76388888888,2017-02-09,2,3
2017-02-10,172467.48611111112,2017-02-10,2,4
2017-02-11,163857.72222222222,2017-02-11,2,5
2017-02-12,159159.625,2017-02-12,2,6
2017-02-13,164924.20833333334,2017-02-13,2,0
2017-02-14,163460.97222222222,2017-02-14,2,1
2017-02-15,163074.92857142858,2017-02-15,2,2
2017-02-16,164794.72857142857,2017-02-16,2,3
2017-02-17,164199.25,2017-02-17,2,4
2017-02-18,164275.61111111112,2017-02-18,2,5
2017-02-19,164665.72222222222,2017-02-19,2,6
2017-02-20,168856.22222222222,2017-02-20,2,0
2017-02-21,170631.2142857143,2017-02-21,2,1
2017-02-22,171078.35820895524,2017-02-22,2,2
2017-02-23,171846.63888888888,2017-02-23,2,3
2017-02-24,170786.76388888888,2017-02-24,2,4
2017-02-25,169940.04166666666,2017-02-25,2,5
2017-02-26,170000.66666666666,2017-02-26,2,6
2017-02-27,173335.95774647887,2017-02-27,2,0
2017-02-28,170056.18055555556,2017-02-28,2,1
2017-03-01,170389.6,2017-03-01,3,2
2017-03-02,170460.76388888888,2017-03-02,3,3
2017-03-03,171591.63076923077,2017-03-03,3,4
2017-03-04,170617.02777777778,2017-03-04,3,5
2017-03-05,171238.7142857143,2017-03-05,3,6
2017-03-06,173632.609375,2017-03-06,3,0
2017-03-07,174007.661971831,2017-03-07,3,1
2017-03-08,176305.57142857142,2017-03-08,3,2
2017-03-09,178071.58333333334,2017-03-09,3,3
2017-03-10,179207.7323943662,2017-03-10,3,4
2017-03-11,178730.0588235294,2017-03-11,3,5
2017-03-13,181407.0,2017-03-13,3,0
2017-03-14,184245.95774647887,2017-03-14,3,1
2017-03-15,185739.97183098592,2017-03-15,3,2
2017-03-16,188332.81690140846,2017-03-16,3,3
2017-03-17,187361.11267605633,2017-03-17,3,4
2017-03-18,187024.94444444444,2017-03-18,3,5
2017-03-19,187536.57746478874,2017-03-19,3,6
2017-03-20,189324.884057971,2017-03-20,3,0
2017-03-21,189859.98611111112,2017-03-21,3,1
2017-03-22,190747.28787878787,2017-03-22,3,2
2017-03-23,191200.4366197183,2017-03-23,3,3
2017-03-24,198700.3142857143,2017-03-24,3,4
2017-03-25,194764.69444444444,2017-03-25,3,5
2017-03-26,195604.20289855072,2017-03-26,3,6
2017-03-27,197207.66666666666,2017-03-27,3,0
2017-03-28,197147.7741935484,2017-03-28,3,1
2017-03-29,203211.32352941178,2017-03-29,3,2
2017-03-30,194261.4090909091,2017-03-30,3,3
2017-03-31,192511.16417910447,2017-03-31,3,4
2017-04-01,191103.87142857144,2017-04-01,4,5
2017-04-02,191302.32394366196,2017-04-02,4,6
2017-04-03,194598.875,2017-04-03,4,0
2017-04-04,195828.39436619717,2017-04-04,4,1
2017-04-05,195254.19696969696,2017-04-05,4,2
2017-04-06,194350.88571428572,2017-04-06,4,3
2017-04-07,196726.86111111112,2017-04-07,4,4
2017-04-08,195184.72222222222,2017-04-08,4,5
2017-04-09,191495.98591549296,2017-04-09,4,6
2017-04-10,192774.01388888888,2017-04-10,4,0
2017-04-11,192312.47692307693,2017-04-11,4,1
2017-04-12,193457.75714285715,2017-04-12,4,2
2017-04-13,191824.65277777778,2017-04-13,4,3
2017-04-14,190869.63888888888,2017-04-14,4,4
2017-04-15,190681.0,2017-04-15,4,5
2017-04-16,190806.86363636365,2017-04-16,4,6
2017-04-17,191139.56944444444,2017-04-17,4,0
2017-04-18,192288.88888888888,2017-04-18,4,1
2017-04-19,192183.25,2017-04-19,4,2
2017-04-20,191709.06944444444,2017-04-20,4,3
2017-04-21,191672.39436619717,2017-04-21,4,4
2017-04-22,190919.6,2017-04-22,4,5
2017-04-23,190784.5,2017-04-23,4,6
2017-04-24,192173.25,2017-04-24,4,0
2017-04-25,193124.0,2017-04-25,4,1
2017-04-26,194705.75,2017-04-26,4,2
2017-04-27,192227.75,2017-04-27,4,3
2017-04-28,191647.25,2017-04-28,4,4
2017-04-29,192056.5,2017-04-29,4,5
2017-04-30,191539.8,2017-04-30,4,6
2017-05-01,192577.23611111112,2017-05-01,5,0
2017-05-02,193285.51162790696,2017-05-02,5,1
2017-05-03,193779.73846153845,2017-05-03,5,2
2017-05-04,193586.08450704225,2017-05-04,5,3
2017-05-05,194583.5,2017-05-05,5,4
2017-05-06,192831.77777777778,2017-05-06,5,5
2017-05-07,193291.625,2017-05-07,5,6
2017-05-08,195763.0,2017-05-08,5,0
2017-05-09,196534.78873239437,2017-05-09,5,1
2017-05-10,197424.74285714285,2017-05-10,5,2
2017-05-11,197544.41666666666,2017-05-11,5,3
2017-05-12,196523.01388888888,2017-05-12,5,4
2017-05-13,196127.45833333334,2017-05-13,5,5
2017-05-14,196159.38235294117,2017-05-14,5,6
2017-05-15,198225.28169014084,2017-05-15,5,0
2017-05-16,198917.58571428573,2017-05-16,5,1
2017-05-17,200071.67142857143,2017-05-17,5,2
2017-05-18,200216.2394366197,2017-05-18,5,3
2017-05-19,224255.9180327869,2017-05-19,5,4
2017-05-20,208893.53623188406,2017-05-20,5,5
2017-05-21,207676.375,2017-05-21,5,6
2017-05-22,211518.97222222222,2017-05-22,5,0
2017-05-23,215792.24285714285,2017-05-23,5,1
2017-05-24,225791.75438596492,2017-05-24,5,2
2017-06-01,231465.14285714287,2017-06-01,6,3
2017-06-08,230207.3148148148,2017-06-08,6,3
2017-06-09,230283.37878787878,2017-06-09,6,4
2017-06-10,228757.9411764706,2017-06-10,6,5
2017-06-11,228726.92063492062,2017-06-11,6,6
2017-06-12,230688.24590163934,2017-06-12,6,0
2017-06-13,246118.23636363636,2017-06-13,6,1
2017-06-14,244208.52,2017-06-14,6,2
2017-06-15,230187.2962962963,2017-06-15,6,3
2017-06-16,228940.4927536232,2017-06-16,6,4
2017-06-17,226227.5,2017-06-17,6,5
2017-06-18,224753.35294117648,2017-06-18,6,6
2017-06-19,226973.04545454544,2017-06-19,6,0
2017-06-20,226222.7627118644,2017-06-20,6,1
2017-06-21,228548.1754385965,2017-06-21,6,2
2017-06-22,225612.4090909091,2017-06-22,6,3
2017-06-23,223960.78787878787,2017-06-23,6,4
2017-06-24,222104.01515151514,2017-06-24,6,5
2017-06-25,220415.1884057971,2017-06-25,6,6
2017-06-26,221812.47692307693,2017-06-26,6,0
2017-06-27,222037.0,2017-06-27,6,1
2017-06-28,237468.39393939395,2017-06-28,6,2
2017-06-29,226676.50746268657,2017-06-29,6,3
2017-06-30,221174.91666666666,2017-06-30,6,4
2017-07-01,219641.70588235295,2017-07-01,7,5
2017-07-02,218535.85074626867,2017-07-02,7,6
2017-07-03,218809.62686567163,2017-07-03,7,0
2017-07-04,218095.77464788733,2017-07-04,7,1
2017-07-05,218511.15384615384,2017-07-05,7,2
2017-07-06,217153.66666666666,2017-07-06,7,3
2017-07-07,217704.14492753622,2017-07-07,7,4
2017-07-08,215584.07352941178,2017-07-08,7,5
2017-07-09,215646.37313432837,2017-07-09,7,6
2017-07-10,217596.26086956522,2017-07-10,7,0
2017-07-11,217448.4328358209,2017-07-11,7,1
2017-07-12,218257.85483870967,2017-07-12,7,2
2017-07-13,216787.9841269841,2017-07-13,7,3
2017-07-14,215803.34782608695,2017-07-14,7,4
2017-07-15,213591.36231884058,2017-07-15,7,5
2017-07-16,214121.8805970149,2017-07-16,7,6
2017-07-17,216207.39130434784,2017-07-17,7,0
2017-07-18,216758.19402985074,2017-07-18,7,1
2017-07-19,218550.54237288135,2017-07-19,7,2
2017-07-20,219551.5652173913,2017-07-20,7,3
2017-07-21,219602.64615384614,2017-07-21,7,4
2017-07-22,217876.40322580645,2017-07-22,7,5
2017-07-23,218667.9714285714,2017-07-23,7,6
2017-07-24,221606.8088235294,2017-07-24,7,0
2017-07-25,218820.27692307692,2017-07-25,7,1
2017-07-26,219279.5,2017-07-26,7,2
2017-07-27,218315.36363636365,2017-07-27,7,3
2017-07-28,217884.64705882352,2017-07-28,7,4
2017-07-29,216914.2985074627,2017-07-29,7,5
2017-07-30,218000.9420289855,2017-07-30,7,6
2017-07-31,217787.53731343284,2017-07-31,7,0
2017-08-01,217331.0704225352,2017-08-01,8,1
2017-08-02,219390.81818181818,2017-08-02,8,2
2017-08-03,226938.44642857142,2017-08-03,8,3
2017-08-04,224117.69696969696,2017-08-04,8,4
2017-08-05,221750.79710144928,2017-08-05,8,5
2017-08-06,220525.13235294117,2017-08-06,8,6
2017-08-07,224081.05714285714,2017-08-07,8,0
2017-08-08,223968.98550724637,2017-08-08,8,1
2017-08-09,231330.61194029852,2017-08-09,8,2
2017-08-10,228919.23880597015,2017-08-10,8,3
2017-08-11,232553.37142857144,2017-08-11,8,4
2017-08-12,228896.5,2017-08-12,8,5
2017-08-13,228875.8125,2017-08-13,8,6
2017-08-14,231242.80303030304,2017-08-14,8,0
2017-08-15,233559.35820895524,2017-08-15,8,1
2017-08-16,243459.68253968254,2017-08-16,8,2
2017-08-17,242586.9090909091,2017-08-17,8,3
2017-08-18,239895.66176470587,2017-08-18,8,4
2017-08-19,235442.01449275363,2017-08-19,8,5
2017-08-20,237189.28169014084,2017-08-20,8,6
2017-08-21,239034.5303030303,2017-08-21,8,0
2017-08-22,240677.74626865672,2017-08-22,8,1
2017-08-23,245406.81355932204,2017-08-23,8,2
2017-08-24,246729.26,2017-08-24,8,3
2017-08-25,244299.01492537314,2017-08-25,8,4
2017-08-26,240487.5,2017-08-26,8,5
2017-08-27,243154.34146341463,2017-08-27,8,6
2017-08-28,246825.57575757575,2017-08-28,8,0
2017-08-29,249304.58139534883,2017-08-29,8,1
2017-08-30,253102.61904761905,2017-08-30,8,2
2017-08-31,244471.61016949153,2017-08-31,8,3
2017-09-01,240810.88235294117,2017-09-01,9,4
2017-09-02,238389.66153846154,2017-09-02,9,5
2017-09-03,237536.61194029852,2017-09-03,9,6
2017-09-04,238744.21212121213,2017-09-04,9,0
2017-09-05,239086.86764705883,2017-09-05,9,1
2017-09-06,241493.76923076922,2017-09-06,9,2
2017-09-07,238446.8064516129,2017-09-07,9,3
2017-09-08,239096.79104477612,2017-09-08,9,4
2017-09-09,237416.8805970149,2017-09-09,9,5
2017-09-10,237630.76119402985,2017-09-10,9,6
2017-09-11,240297.01408450704,2017-09-11,9,0
2017-09-12,239841.07575757575,2017-09-12,9,1
2017-09-13,243262.77272727274,2017-09-13,9,2
2017-09-14,286332.09523809527,2017-09-14,9,3
2017-09-15,266585.7555555556,2017-09-15,9,4
2017-09-16,253214.30434782608,2017-09-16,9,5
2017-09-17,251935.92424242425,2017-09-17,9,6
2017-09-18,256798.23880597015,2017-09-18,9,0
2017-09-19,255103.96875,2017-09-19,9,1
2017-09-20,257786.37096774194,2017-09-20,9,2
2017-09-21,256611.98507462686,2017-09-21,9,3
2017-09-22,255848.70769230768,2017-09-22,9,4
2017-09-23,255528.16923076924,2017-09-23,9,5
2017-09-24,256909.85074626867,2017-09-24,9,6
2017-09-25,257668.95588235295,2017-09-25,9,0
2017-09-26,259464.1076923077,2017-09-26,9,1
2017-09-27,260484.96296296295,2017-09-27,9,2
2017-09-28,260550.10294117648,2017-09-28,9,3
2017-09-29,258988.68181818182,2017-09-29,9,4
2017-09-30,256684.5294117647,2017-09-30,9,5
2017-10-01,256525.13636363635,2017-10-01,10,6
2017-10-02,256392.92647058822,2017-10-02,10,0
2017-10-03,258708.0303030303,2017-10-03,10,1
2017-10-04,261247.08,2017-10-04,10,2
2017-10-05,257755.8275862069,2017-10-05,10,3
2017-10-06,256022.18181818182,2017-10-06,10,4
2017-10-07,255601.34848484848,2017-10-07,10,5
2017-10-08,255595.42424242425,2017-10-08,10,6
2017-10-09,257183.5588235294,2017-10-09,10,0
2017-10-10,257504.4923076923,2017-10-10,10,1
2017-10-11,263322.86363636365,2017-10-11,10,2
2017-10-12,261664.8208955224,2017-10-12,10,3
2017-10-13,261907.06153846154,2017-10-13,10,4
2017-10-14,260015.1846153846,2017-10-14,10,5
2017-10-15,260373.3076923077,2017-10-15,10,6
2017-10-16,264062.8805970149,2017-10-16,10,0
2017-10-17,266554.65079365077,2017-10-17,10,1
2017-10-18,270061.8490566038,2017-10-18,10,2
2017-10-19,273635.8888888889,2017-10-19,10,3
2017-10-20,276033.1320754717,2017-10-20,10,4
2017-10-21,275817.9682539682,2017-10-21,10,5
2017-10-22,277817.9705882353,2017-10-22,10,6
2017-10-23,286432.9701492537,2017-10-23,10,0
2017-10-24,293966.359375,2017-10-24,10,1
2017-10-25,293764.6176470588,2017-10-25,10,2
2017-10-26,291596.7962962963,2017-10-26,10,3
2017-10-27,289824.4285714286,2017-10-27,10,4
2017-10-28,288326.0,2017-10-28,10,5
2017-10-29,289853.9672131148,2017-10-29,10,6
2017-10-30,291244.6666666667,2017-10-30,10,0
2017-10-31,290665.89830508473,2017-10-31,10,1
2017-11-01,291294.0344827586,2017-11-01,11,2
2017-11-02,293807.3220338983,2017-11-02,11,3
2017-11-03,299452.4,2017-11-03,11,4
2017-11-04,298958.68852459016,2017-11-04,11,5
2017-11-05,293332.01754385966,2017-11-05,11,6
2017-11-06,293899.9830508475,2017-11-06,11,0
2017-11-07,292094.43859649124,2017-11-07,11,1
2017-11-08,289743.125,2017-11-08,11,2
2017-11-09,289613.6440677966,2017-11-09,11,3
2017-11-10,287913.2166666667,2017-11-10,11,4
2017-11-11,285833.1475409836,2017-11-11,11,5
2017-11-12,284724.1551724138,2017-11-12,11,6
2017-11-13,286908.35,2017-11-13,11,0
2017-11-14,285771.20967741933,2017-11-14,11,1
2017-11-15,286794.29824561405,2017-11-15,11,2
2017-11-16,286041.25,2017-11-16,11,3
2017-11-17,285848.05263157893,2017-11-17,11,4
2017-11-18,283888.0,2017-11-18,11,5
2017-11-19,288379.0714285714,2017-11-19,11,6
2017-11-20,288633.5833333333,2017-11-20,11,0
2017-11-21,287182.6393442623,2017-11-21,11,1
2017-11-22,297514.65573770495,2017-11-22,11,2
2017-11-23,293647.3448275862,2017-11-23,11,3
2017-11-24,291035.47540983604,2017-11-24,11,4
2017-11-25,290215.6896551724,2017-11-25,11,5
2017-11-26,290612.86440677964,2017-11-26,11,6
2017-11-27,293813.9491525424,2017-11-27,11,0
2017-11-28,291653.8620689655,2017-11-28,11,1
2017-11-29,289750.0806451613,2017-11-29,11,2
2017-11-30,285553.9491525424,2017-11-30,11,3
2017-12-01,282467.9491525424,2017-12-01,12,4
2017-12-02,279297.91803278687,2017-12-02,12,5
2017-12-03,277272.37704918033,2017-12-03,12,6
2017-12-04,276755.9827586207,2017-12-04,12,0
2017-12-05,272192.5737704918,2017-12-05,12,1
2017-12-06,272015.31147540984,2017-12-06,12,2
2017-12-07,272283.27118644066,2017-12-07,12,3
2017-12-08,270929.6440677966,2017-12-08,12,4
2017-12-09,269197.5344827586,2017-12-09,12,5
2017-12-10,267066.9152542373,2017-12-10,12,6
2017-12-11,269678.7272727273,2017-12-11,12,0
2017-12-12,268579.8214285714,2017-12-12,12,1
2017-12-13,269568.25,2017-12-13,12,2
2017-12-14,267610.4745762712,2017-12-14,12,3
2017-12-15,266715.76271186443,2017-12-15,12,4
2017-12-16,265030.2549019608,2017-12-16,12,5
2017-12-17,265647.9661016949,2017-12-17,12,6
2017-12-18,267600.88333333336,2017-12-18,12,0
2017-12-19,266385.9193548387,2017-12-19,12,1
2017-12-20,266769.3,2017-12-20,12,2
2017-12-21,314183.28571428574,2017-12-21,12,3
2017-12-22,282418.10714285716,2017-12-22,12,4
2017-12-23,274013.0,2017-12-23,12,5
2017-12-24,274281.3965517241,2017-12-24,12,6
2017-12-25,271957.9666666667,2017-12-25,12,0
2017-12-26,271741.57627118647,2017-12-26,12,1
2017-12-27,270911.5263157895,2017-12-27,12,2
2017-12-28,268894.7966101695,2017-12-28,12,3
2017-12-29,267286.01754385966,2017-12-29,12,4
2017-12-30,267568.1206896552,2017-12-30,12,5
2017-12-31,268320.9298245614,2017-12-31,12,6
2018-01-01,270551.5517241379,2018-01-01,1,0
2018-01-02,271286.01639344264,2018-01-02,1,1
2018-01-03,270797.0169491525,2018-01-03,1,2
2018-01-04,269733.724137931,2018-01-04,1,3
2018-01-05,268690.0,2018-01-05,1,4
2018-01-06,266801.0327868852,2018-01-06,1,5
2018-01-07,266538.625,2018-01-07,1,6
2018-01-08,268690.95,2018-01-08,1,0
2018-01-09,268096.03571428574,2018-01-09,1,1
2018-01-10,268801.6862745098,2018-01-10,1,2
2018-01-11,267677.10204081633,2018-01-11,1,3
2018-01-12,267452.05263157893,2018-01-12,1,4
2018-01-13,266037.137254902,2018-01-13,1,5
2018-01-14,266055.10169491527,2018-01-14,1,6
2018-01-15,268573.98214285716,2018-01-15,1,0
2018-01-16,271412.98,2018-01-16,1,1
2018-01-17,270957.5,2018-01-17,1,2
2018-01-18,269970.84210526315,2018-01-18,1,3
2018-01-19,270127.1111111111,2018-01-19,1,4
2018-01-20,269283.4318181818,2018-01-20,1,5
2018-01-21,269523.6458333333,2018-01-21,1,6
2018-01-22,273429.1666666667,2018-01-22,1,0
2018-01-23,277613.3958333333,2018-01-23,1,1
2018-01-24,280434.6808510638,2018-01-24,1,2
2018-01-25,279763.4791666667,2018-01-25,1,3
2018-01-26,282988.97872340423,2018-01-26,1,4
2018-01-27,282657.5319148936,2018-01-27,1,5
2018-01-28,282097.152173913,2018-01-28,1,6
2018-01-29,285234.2340425532,2018-01-29,1,0
2018-01-30,290738.1956521739,2018-01-30,1,1
2018-01-31,352492.6842105263,2018-01-31,1,2
2018-02-01,311427.8,2018-02-01,2,3
2018-02-02,306739.3333333333,2018-02-02,2,4
2018-02-03,301878.95652173914,2018-02-03,2,5
2018-02-04,298909.10869565216,2018-02-04,2,6
2018-02-05,299744.91489361704,2018-02-05,2,0
2018-02-06,299021.6382978723,2018-02-06,2,1
2018-02-07,299210.0869565217,2018-02-07,2,2
2018-02-08,299403.93333333335,2018-02-08,2,3
2018-02-09,299453.91489361704,2018-02-09,2,4
2018-02-10,298187.5333333333,2018-02-10,2,5
2018-02-11,297361.1458333333,2018-02-11,2,6
2018-02-12,298735.1224489796,2018-02-12,2,0
2018-02-13,299791.1956521739,2018-02-13,2,1
2018-02-14,300052.8541666667,2018-02-14,2,2
2018-02-15,310562.04347826086,2018-02-15,2,3
2018-02-16,303304.5833333333,2018-02-16,2,4
2018-02-17,301086.97826086957,2018-02-17,2,5
2018-02-18,300856.60869565216,2018-02-18,2,6
2018-02-19,301953.32608695654,2018-02-19,2,0
2018-02-20,301711.23913043475,2018-02-20,2,1
2018-02-21,302688.0,2018-02-21,2,2
2018-02-22,303141.7083333333,2018-02-22,2,3
2018-02-23,301451.0869565217,2018-02-23,2,4
2018-02-24,300678.46428571426,2018-02-24,2,5
2018-02-25,300963.6956521739,2018-02-25,2,6
2018-02-26,301316.87234042556,2018-02-26,2,0
2018-02-27,301410.1489361702,2018-02-27,2,1
2018-02-28,300327.59574468085,2018-02-28,2,2
2018-03-01,299607.0,2018-03-01,3,3
2018-03-02,298345.75,2018-03-02,3,4
2018-03-03,298147.10638297873,2018-03-03,3,5
2018-03-04,298049.7619047619,2018-03-04,3,6
2018-03-05,299079.9183673469,2018-03-05,3,0
2018-03-06,298824.4,2018-03-06,3,1
2018-03-07,299293.3333333333,2018-03-07,3,2
2018-03-08,299639.9090909091,2018-03-08,3,3
2018-03-09,300751.4705882353,2018-03-09,3,4
2018-03-10,298671.63636363635,2018-03-10,3,5
2018-03-11,299886.5333333333,2018-03-11,3,6
2018-03-12,300757.39130434784,2018-03-12,3,0
2018-03-13,304701.45454545453,2018-03-13,3,1
2018-03-14,304955.9574468085,2018-03-14,3,2
2018-03-15,303646.2,2018-03-15,3,3
2018-03-16,303273.67441860464,2018-03-16,3,4
2018-03-17,302469.73913043475,2018-03-17,3,5
2018-03-18,303196.170212766,2018-03-18,3,6
2018-03-19,306259.32608695654,2018-03-19,3,0
2018-03-20,308896.4222222222,2018-03-20,3,1
2018-03-21,311896.3333333333,2018-03-21,3,2
2018-03-22,312476.875,2018-03-22,3,3
2018-03-23,311160.652173913,2018-03-23,3,4
2018-03-24,312547.152173913,2018-03-24,3,5
2018-03-25,313690.95238095237,2018-03-25,3,6
2018-03-26,315163.1489361702,2018-03-26,3,0
2018-03-27,315740.0,2018-03-27,3,1
2018-03-28,315925.1956521739,2018-03-28,3,2
2018-03-29,314827.9347826087,2018-03-29,3,3
2018-03-30,312613.75,2018-03-30,3,4
2018-03-31,313073.44897959183,2018-03-31,3,5
2018-04-01,314390.5652173913,2018-04-01,4,6
2018-04-02,314383.7173913043,2018-04-02,4,0
2018-04-03,316340.4888888889,2018-04-03,4,1
2018-04-04,316376.10256410256,2018-04-04,4,2
2018-04-05,316789.75,2018-04-05,4,3
2018-04-06,319852.9,2018-04-06,4,4
2018-04-07,320635.8695652174,2018-04-07,4,5
2018-04-08,321210.0869565217,2018-04-08,4,6
2018-04-09,327346.89361702127,2018-04-09,4,0
2018-04-10,331953.5,2018-04-10,4,1
2018-04-11,332051.7021276596,2018-04-11,4,2
2018-04-12,337701.1111111111,2018-04-12,4,3
2018-04-13,340001.63636363635,2018-04-13,4,4
2018-04-14,338231.8048780488,2018-04-14,4,5
2018-04-15,337873.2826086957,2018-04-15,4,6
2018-04-16,339268.5833333333,2018-04-16,4,0
2018-04-17,340447.4772727273,2018-04-17,4,1
2018-04-18,341313.59574468085,2018-04-18,4,2
2018-04-19,342809.61363636365,2018-04-19,4,3
2018-04-20,346389.6756756757,2018-04-20,4,4
2018-04-21,348144.1956521739,2018-04-21,4,5
2018-04-22,349476.5833333333,2018-04-22,4,6
2018-04-23,355488.1304347826,2018-04-23,4,0
2018-04-24,362821.0416666667,2018-04-24,4,1
2018-04-25,370276.1666666667,2018-04-25,4,2
2018-04-26,369993.26666666666,2018-04-26,4,3
2018-04-27,366365.0208333333,2018-04-27,4,4
2018-04-28,360035.02173913043,2018-04-28,4,5
2018-04-29,356829.1379310345,2018-04-29,4,6
2018-04-30,355750.7826086957,2018-04-30,4,0
2018-05-01,352240.3023255814,2018-05-01,5,1
2018-05-02,354865.72093023255,2018-05-02,5,2
2018-05-03,352110.4772727273,2018-05-03,5,3
2018-05-04,352351.152173913,2018-05-04,5,4
2018-05-05,349301.73913043475,2018-05-05,5,5
2018-05-06,349905.52173913043,2018-05-06,5,6
2018-05-07,350947.1041666667,2018-05-07,5,0
2018-05-08,350513.6808510638,2018-05-08,5,1
2018-05-09,351902.2826086957,2018-05-09,5,2
2018-05-10,352474.15555555554,2018-05-10,5,3
2018-05-11,349595.4222222222,2018-05-11,5,4
2018-05-12,349857.3157894737,2018-05-12,5,5
2018-05-13,348175.70454545453,2018-05-13,5,6
2018-05-14,349790.6,2018-05-14,5,0
2018-05-15,349747.3617021277,2018-05-15,5,1
2018-05-16,350826.1707317073,2018-05-16,5,2
2018-05-17,348359.20930232556,2018-05-17,5,3
2018-05-18,362222.36363636365,2018-05-18,5,4
2018-05-19,353559.82352941175,2018-05-19,5,5
2018-05-20,349038.02222222224,2018-05-20,5,6
2018-05-21,349012.4090909091,2018-05-21,5,0
2018-05-22,350036.46153846156,2018-05-22,5,1
2018-05-23,352024.9069767442,2018-05-23,5,2
2018-05-24,350613.1891891892,2018-05-24,5,3
2018-05-25,349599.8,2018-05-25,5,4
2018-05-26,348435.4222222222,2018-05-26,5,5
2018-05-27,348552.1818181818,2018-05-27,5,6
2018-05-28,352252.85714285716,2018-05-28,5,0
2018-05-29,348361.2444444444,2018-05-29,5,1
2018-05-30,347025.63636363635,2018-05-30,5,2
2018-05-31,344261.5813953488,2018-05-31,5,3
2018-06-01,342977.3023255814,2018-06-01,6,4
2018-06-02,341478.8222222222,2018-06-02,6,5
2018-06-03,340866.13333333336,2018-06-03,6,6
2018-06-04,341506.06976744183,2018-06-04,6,0
2018-06-05,339729.22222222225,2018-06-05,6,1
2018-06-06,341403.54761904763,2018-06-06,6,2
2018-06-07,341160.0909090909,2018-06-07,6,3
2018-06-08,338499.6590909091,2018-06-08,6,4
2018-06-09,335817.78571428574,2018-06-09,6,5
2018-06-10,335655.84444444446,2018-06-10,6,6
2018-06-11,337627.6818181818,2018-06-11,6,0
2018-06-12,340768.4651162791,2018-06-12,6,1
2018-06-13,338351.68,2018-06-13,6,2
2018-06-14,337073.15,2018-06-14,6,3
2018-06-15,335648.3409090909,2018-06-15,6,4
2018-06-16,334920.3023255814,2018-06-16,6,5
2018-06-17,335506.4888888889,2018-06-17,6,6
2018-06-18,337051.23255813954,2018-06-18,6,0
2018-06-19,337718.1777777778,2018-06-19,6,1
2018-06-20,339565.6129032258,2018-06-20,6,2
2018-06-21,338310.90476190473,2018-06-21,6,3
2018-06-22,348354.5263157895,2018-06-22,6,4
2018-06-23,345926.76666666666,2018-06-23,6,5
2018-06-24,350466.20454545453,2018-06-24,6,6
2018-06-25,352371.73913043475,2018-06-25,6,0
2018-06-26,351478.3777777778,2018-06-26,6,1
2018-06-27,349078.35135135136,2018-06-27,6,2
2018-06-28,346361.59375,2018-06-28,6,3
2018-06-29,340720.73913043475,2018-06-29,6,4
2018-06-30,339022.85714285716,2018-06-30,6,5
2018-07-01,337924.3333333333,2018-07-01,7,6
2018-07-02,338859.3023255814,2018-07-02,7,0
2018-07-03,339008.6129032258,2018-07-03,7,1
2018-07-04,338335.88372093026,2018-07-04,7,2
2018-07-05,342225.16279069765,2018-07-05,7,3
2018-07-06,338690.9069767442,2018-07-06,7,4
2018-07-07,336778.88095238095,2018-07-07,7,5
2018-07-08,336737.13333333336,2018-07-08,7,6
2018-07-09,338403.88372093026,2018-07-09,7,0
2018-07-10,336330.36363636365,2018-07-10,7,1
2018-07-11,338429.38636363635,2018-07-11,7,2
2018-07-12,337283.72093023255,2018-07-12,7,3
2018-07-13,337414.26086956525,2018-07-13,7,4
2018-07-14,336491.76923076925,2018-07-14,7,5
2018-07-15,340253.8222222222,2018-07-15,7,6
2018-07-16,341666.1395348837,2018-07-16,7,0
2018-07-17,339822.25641025644,2018-07-17,7,1
2018-07-18,353416.92307692306,2018-07-18,7,2
2018-07-19,339503.3461538461,2018-07-19,7,3
2018-07-20,335071.9069767442,2018-07-20,7,4
2018-07-21,330100.5348837209,2018-07-21,7,5
2018-07-22,326616.1777777778,2018-07-22,7,6
2018-07-23,328041.7272727273,2018-07-23,7,0
2018-07-24,325212.8095238095,2018-07-24,7,1
2018-07-25,319494.03225806454,2018-07-25,7,2
2018-07-27,308625.25,2018-07-27,7,4
2018-07-28,307671.31707317074,2018-07-28,7,5
2018-07-29,308498.14285714284,2018-07-29,7,6
2018-07-30,304171.25,2018-07-30,7,0
2018-07-31,301339.23255813954,2018-07-31,7,1
2018-08-01,300062.67441860464,2018-08-01,8,2
2018-08-02,297488.5,2018-08-02,8,3
2018-08-03,297146.8409090909,2018-08-03,8,4
2018-08-04,292847.06666666665,2018-08-04,8,5
2018-08-05,291071.5581395349,2018-08-05,8,6
2018-08-06,293110.93023255817,2018-08-06,8,0
2018-08-07,292194.4772727273,2018-08-07,8,1
2018-08-08,293983.0,2018-08-08,8,2
2018-08-09,292563.1794871795,2018-08-09,8,3
2018-08-10,290213.7638888889,2018-08-10,8,4
2018-08-11,287420.68055555556,2018-08-11,8,5
2018-08-12,286818.4166666667,2018-08-12,8,6
2018-08-13,287121.81944444444,2018-08-13,8,0
2018-08-14,291606.3943661972,2018-08-14,8,1
2018-08-15,261003.04411764705,2018-08-15,8,2
2018-08-16,229747.9193548387,2018-08-16,8,3
2018-08-17,219792.16393442624,2018-08-17,8,4
2018-08-18,213862.296875,2018-08-18,8,5
2018-08-19,209123.5,2018-08-19,8,6
2018-08-20,206791.39705882352,2018-08-20,8,0
2018-08-21,203129.58571428573,2018-08-21,8,1
2018-08-22,201037.625,2018-08-22,8,2
2018-08-23,200008.51428571428,2018-08-23,8,3
2018-08-24,193279.45070422534,2018-08-24,8,4
2018-08-25,190977.92307692306,2018-08-25,8,5
2018-08-26,190870.9714285714,2018-08-26,8,6
2018-08-27,190935.338028169,2018-08-27,8,0
2018-08-28,190596.14084507042,2018-08-28,8,1
2018-08-29,189804.0588235294,2018-08-29,8,2
2018-08-30,187955.83333333334,2018-08-30,8,3
2018-08-31,182982.76388888888,2018-08-31,8,4
2018-09-01,179033.13888888888,2018-09-01,9,5
2018-09-02,177875.2142857143,2018-09-02,9,6
2018-09-03,181522.04166666666,2018-09-03,9,0
2018-09-04,179659.07142857142,2018-09-04,9,1
2018-09-05,177874.4366197183,2018-09-05,9,2
2018-09-06,177016.57575757575,2018-09-06,9,3
2018-09-07,175493.1690140845,2018-09-07,9,4
2018-09-08,172741.48611111112,2018-09-08,9,5
2018-09-09,171052.54166666666,2018-09-09,9,6
2018-09-10,176552.48611111112,2018-09-10,9,0
2018-09-11,178288.13888888888,2018-09-11,9,1
2018-09-12,182099.47222222222,2018-09-12,9,2
2018-09-13,192680.31944444444,2018-09-13,9,3
2018-09-14,186305.40277777778,2018-09-14,9,4
2018-09-15,180546.31944444444,2018-09-15,9,5
2018-09-16,178092.80555555556,2018-09-16,9,6
2018-09-17,178926.16666666666,2018-09-17,9,0
2018-09-18,178394.84507042254,2018-09-18,9,1
2018-09-19,177000.44444444444,2018-09-19,9,2
2018-09-20,200403.32727272727,2018-09-20,9,3
2018-09-21,198852.58823529413,2018-09-21,9,4
2018-09-22,189164.61111111112,2018-09-22,9,5
2018-09-23,182312.34722222222,2018-09-23,9,6
2018-09-24,183065.36111111112,2018-09-24,9,0
2018-09-25,180986.82857142857,2018-09-25,9,1
2018-09-26,180730.38888888888,2018-09-26,9,2
2018-09-27,179083.09722222222,2018-09-27,9,3
2018-09-28,176467.57352941178,2018-09-28,9,4
2018-09-29,174413.1463414634,2018-09-29,9,5
2018-09-30,174616.44186046513,2018-09-30,9,6
2018-10-01,176121.0975609756,2018-10-01,10,0
2018-10-02,173907.41860465117,2018-10-02,10,1
2018-10-03,173711.79545454544,2018-10-03,10,2
2018-10-04,172787.16666666666,2018-10-04,10,3
2018-10-05,171752.4705882353,2018-10-05,10,4
2018-10-06,170638.41463414635,2018-10-06,10,5
2018-10-07,170841.2142857143,2018-10-07,10,6
2018-10-08,171829.75,2018-10-08,10,0
2018-10-09,172289.11428571428,2018-10-09,10,1
2018-10-10,172820.59722222222,2018-10-10,10,2
2018-10-11,173141.48611111112,2018-10-11,10,3
2018-10-12,178820.72549019608,2018-10-12,10,4
2018-10-13,176055.18309859154,2018-10-13,10,5
2018-10-14,176745.22222222222,2018-10-14,10,6
2018-10-15,179623.3137254902,2018-10-15,10,0
2018-10-16,181656.87301587302,2018-10-16,10,1
2018-10-17,181136.54794520547,2018-10-17,10,2
2018-10-18,181387.15492957746,2018-10-18,10,3
2018-10-19,181377.88732394367,2018-10-19,10,4
2018-10-20,182467.68055555556,2018-10-20,10,5
2018-10-21,180842.1690140845,2018-10-21,10,6
2018-10-22,187007.5,2018-10-22,10,0
2018-10-23,182753.19178082192,2018-10-23,10,1
2018-10-24,182439.71830985916,2018-10-24,10,2
2018-10-25,179763.223880597,2018-10-25,10,3
2018-10-26,178834.9534883721,2018-10-26,10,4
2018-10-27,177793.27272727274,2018-10-27,10,5
2018-10-28,177774.02816901408,2018-10-28,10,6
2018-10-29,178676.14084507042,2018-10-29,10,0
2018-10-30,178018.70422535212,2018-10-30,10,1
2018-10-31,174628.47222222222,2018-10-31,10,2
2018-11-01,174511.86111111112,2018-11-01,11,3
2018-11-02,176573.11267605633,2018-11-02,11,4
2018-11-03,186363.98611111112,2018-11-03,11,5
2018-11-04,179830.30985915492,2018-11-04,11,6
2018-11-05,180470.72222222222,2018-11-05,11,0
2018-11-06,180143.28169014084,2018-11-06,11,1
2018-11-07,177793.7323943662,2018-11-07,11,2
2018-11-08,177501.87142857144,2018-11-08,11,3
2018-11-09,176297.02777777778,2018-11-09,11,4
2018-11-10,177288.36111111112,2018-11-10,11,5
2018-11-11,177725.46478873238,2018-11-11,11,6
2018-11-12,178815.15277777778,2018-11-12,11,0
2018-11-13,179717.87323943662,2018-11-13,11,1
2018-11-14,177619.72463768115,2018-11-14,11,2
2018-11-15,177634.60273972602,2018-11-15,11,3
2018-11-16,178518.30555555556,2018-11-16,11,4
2018-11-17,177601.53424657535,2018-11-17,11,5
2018-11-18,177973.09722222222,2018-11-18,11,6
2018-11-19,179050.52777777778,2018-11-19,11,0
2018-11-20,180429.45070422534,2018-11-20,11,1
2018-11-21,189686.61111111112,2018-11-21,11,2
2018-11-22,183911.97222222222,2018-11-22,11,3
2018-11-23,182930.23611111112,2018-11-23,11,4
2018-11-24,180106.70833333334,2018-11-24,11,5
2018-11-25,182053.93055555556,2018-11-25,11,6
2018-11-26,183240.98611111112,2018-11-26,11,0
2018-11-27,185368.11111111112,2018-11-27,11,1
2018-11-28,180484.44444444444,2018-11-28,11,2
2018-11-29,180049.51388888888,2018-11-29,11,3
2018-11-30,178207.95833333334,2018-11-30,11,4
2018-12-01,176948.88888888888,2018-12-01,12,5
2018-12-02,177486.91549295775,2018-12-02,12,6
2018-12-03,178603.45833333334,2018-12-03,12,0
2018-12-04,178737.63888888888,2018-12-04,12,1
2018-12-05,178474.30555555556,2018-12-05,12,2
2018-12-06,178964.87671232875,2018-12-06,12,3
2018-12-07,178994.75,2018-12-07,12,4
2018-12-08,177944.98611111112,2018-12-08,12,5
2018-12-09,177571.81944444444,2018-12-09,12,6
2018-12-10,178186.18055555556,2018-12-10,12,0
2018-12-11,177903.90277777778,2018-12-11,12,1
2018-12-12,177638.75362318842,2018-12-12,12,2
2018-12-13,177360.90277777778,2018-12-13,12,3
2018-12-14,180520.0172413793,2018-12-14,12,4
2018-12-16,178256.83333333334,2018-12-16,12,6
2018-12-17,178630.0579710145,2018-12-17,12,0
2018-12-18,178768.875,2018-12-18,12,1
2018-12-19,177187.58333333334,2018-12-19,12,2
2018-12-20,179957.38888888888,2018-12-20,12,3
2018-12-21,194321.875,2018-12-21,12,4
2018-12-22,186971.80555555556,2018-12-22,12,5
2018-12-23,184226.43055555556,2018-12-23,12,6
2018-12-24,186250.25,2018-12-24,12,0
2018-12-25,183920.29166666666,2018-12-25,12,1
2018-12-26,183446.58333333334,2018-12-26,12,2
2018-12-27,182275.65277777778,2018-12-27,12,3
2018-12-28,180394.42253521126,2018-12-28,12,4
2018-12-29,179864.81944444444,2018-12-29,12,5
2018-12-30,180390.4714285714,2018-12-30,12,6
2018-12-31,181148.16666666666,2018-12-31,12,0
2019-01-01,181108.79166666666,2019-01-01,1,1
2019-01-02,181798.33333333334,2019-01-02,1,2
2019-01-03,180944.15277777778,2019-01-03,1,3
2019-01-04,181492.01388888888,2019-01-04,1,4
2019-01-05,182663.19444444444,2019-01-05,1,5
2019-01-06,184772.30555555556,2019-01-06,1,6
2019-01-07,186914.34722222222,2019-01-07,1,0
2019-01-08,182737.93055555556,2019-01-08,1,1
2019-01-09,180934.08333333334,2019-01-09,1,2
2019-01-10,181115.04166666666,2019-01-10,1,3
2019-01-11,180153.90277777778,2019-01-11,1,4
2019-01-12,179278.56944444444,2019-01-12,1,5
2019-01-13,179653.59722222222,2019-01-13,1,6
2019-01-14,180090.11111111112,2019-01-14,1,0
2019-01-15,180548.55555555556,2019-01-15,1,1
2019-01-16,179981.43055555556,2019-01-16,1,2
2019-01-17,179849.23611111112,2019-01-17,1,3
2019-01-18,179898.77777777778,2019-01-18,1,4
2019-01-19,179695.93055555556,2019-01-19,1,5
2019-01-20,179719.02777777778,2019-01-20,1,6
2019-01-21,180098.22222222222,2019-01-21,1,0
2019-01-22,180400.875,2019-01-22,1,1
2019-01-23,180142.88888888888,2019-01-23,1,2
2019-01-24,177049.97222222222,2019-01-24,1,3
2019-01-25,175183.9,2019-01-25,1,4
2019-01-26,174611.8904109589,2019-01-26,1,5
2019-01-27,172828.06944444444,2019-01-27,1,6
2019-01-28,172998.65277777778,2019-01-28,1,0
2019-01-29,172703.29577464788,2019-01-29,1,1
2019-01-30,170524.50704225354,2019-01-30,1,2
2019-01-31,170286.59722222222,2019-01-31,1,3
2019-02-01,168037.86111111112,2019-02-01,2,4
2019-02-02,167342.125,2019-02-02,2,5
2019-02-03,166747.58333333334,2019-02-03,2,6
2019-02-04,167797.43055555556,2019-02-04,2,0
2019-02-05,165857.63888888888,2019-02-05,2,1
2019-02-06,165061.306122449,2019-02-06,2,2
2019-02-07,164484.8,2019-02-07,2,3
2019-02-08,163304.15277777778,2019-02-08,2,4
2019-02-09,161912.01388888888,2019-02-09,2,5
2019-02-10,162417.69444444444,2019-02-10,2,6
2019-02-11,166424.34722222222,2019-02-11,2,0
2019-02-12,165806.45833333334,2019-02-12,2,1
2019-02-13,164287.30508474575,2019-02-13,2,2
2019-02-14,163617.953125,2019-02-14,2,3
2019-02-15,161934.04,2019-02-15,2,4
2019-02-16,161646.34722222222,2019-02-16,2,5
2019-02-17,162373.86111111112,2019-02-17,2,6
2019-02-18,166082.81944444444,2019-02-18,2,0
2019-02-19,164254.70833333334,2019-02-19,2,1
2019-02-20,163889.73611111112,2019-02-20,2,2
2019-02-21,162684.61428571428,2019-02-21,2,3
2019-02-22,162048.38028169013,2019-02-22,2,4
2019-02-23,161757.125,2019-02-23,2,5
2019-02-24,162181.661971831,2019-02-24,2,6
2019-02-25,162109.84931506848,2019-02-25,2,0
2019-02-26,162983.95774647887,2019-02-26,2,1
2019-02-27,161451.79710144928,2019-02-27,2,2
2019-02-28,160357.69444444444,2019-02-28,2,3
2019-03-01,161505.18055555556,2019-03-01,3,4
2019-03-02,160582.83333333334,2019-03-02,3,5
2019-03-03,160569.5,2019-03-03,3,6
2019-03-04,161204.37878787878,2019-03-04,3,0
2019-03-05,160650.83333333334,2019-03-05,3,1
2019-03-06,160090.30555555556,2019-03-06,3,2
2019-03-07,161312.22222222222,2019-03-07,3,3
2019-03-08,162462.47222222222,2019-03-08,3,4
2019-03-09,160545.86111111112,2019-03-09,3,5
2019-03-10,161171.63888888888,2019-03-10,3,6
2019-03-11,166215.80555555556,2019-03-11,3,0
2019-03-12,178736.80555555556,2019-03-12,3,1
2019-03-13,175974.12962962964,2019-03-13,3,2
2019-03-14,170885.6862745098,2019-03-14,3,3
2019-03-15,168666.625,2019-03-15,3,4
2019-03-16,168487.25,2019-03-16,3,5
2019-03-17,168649.69444444444,2019-03-17,3,6
2019-03-18,170137.95774647887,2019-03-18,3,0
2019-03-19,172028.2676056338,2019-03-19,3,1
2019-03-20,171401.45283018867,2019-03-20,3,2
2019-03-21,172460.48611111112,2019-03-21,3,3
2019-03-22,172200.9295774648,2019-03-22,3,4
2019-03-23,172751.66666666666,2019-03-23,3,5
2019-03-24,178103.58333333334,2019-03-24,3,6
2019-03-25,178487.38888888888,2019-03-25,3,0
2019-03-26,189064.375,2019-03-26,3,1
2019-03-27,179075.70833333334,2019-03-27,3,2
2019-03-28,177336.88888888888,2019-03-28,3,3
2019-03-29,175331.43055555556,2019-03-29,3,4
2019-03-30,172907.36111111112,2019-03-30,3,5
2019-03-31,173790.0588235294,2019-03-31,3,6
2019-04-01,177063.23287671234,2019-04-01,4,0
2019-04-02,172865.18055555556,2019-04-02,4,1
2019-04-03,173904.59722222222,2019-04-03,4,2
2019-04-04,173748.41666666666,2019-04-04,4,3
2019-04-05,173368.875,2019-04-05,4,4
2019-04-06,172063.56164383562,2019-04-06,4,5
2019-04-07,172174.13888888888,2019-04-07,4,6
2019-04-08,173885.12328767125,2019-04-08,4,0
2019-04-09,175082.67605633804,2019-04-09,4,1
2019-04-10,175281.38356164383,2019-04-10,4,2
2019-04-11,174369.90277777778,2019-04-11,4,3
2019-04-12,174280.875,2019-04-12,4,4
2019-04-13,174811.18055555556,2019-04-13,4,5
2019-04-14,174724.875,2019-04-14,4,6
2019-04-15,176288.63888888888,2019-04-15,4,0
2019-04-16,176364.94444444444,2019-04-16,4,1
2019-04-17,175324.69014084508,2019-04-17,4,2
2019-04-18,173623.63888888888,2019-04-18,4,3
2019-04-19,172776.51388888888,2019-04-19,4,4
2019-04-20,172559.19444444444,2019-04-20,4,5
2019-04-21,172928.08333333334,2019-04-21,4,6
2019-04-22,173749.16666666666,2019-04-22,4,0
2019-04-23,176308.72222222222,2019-04-23,4,1
2019-04-24,174678.58333333334,2019-04-24,4,2
2019-04-25,175227.83333333334,2019-04-25,4,3
2019-04-26,173782.25,2019-04-26,4,4
2019-04-27,172728.11111111112,2019-04-27,4,5
2019-04-28,173234.47222222222,2019-04-28,4,6
2019-04-29,173541.661971831,2019-04-29,4,0
2019-04-30,172046.13888888888,2019-04-30,4,1
2019-05-01,170948.4084507042,2019-05-01,5,2
2019-05-02,171523.0,2019-05-02,5,3
2019-05-03,170659.75,2019-05-03,5,4
2019-05-04,171067.18055555556,2019-05-04,5,5
2019-05-05,171248.40277777778,2019-05-05,5,6
2019-05-06,172930.58333333334,2019-05-06,5,0
2019-05-07,172766.84722222222,2019-05-07,5,1
2019-05-08,172088.15277777778,2019-05-08,5,2
2019-05-09,172662.48611111112,2019-05-09,5,3
2019-05-10,170742.7605633803,2019-05-10,5,4
2019-05-11,170803.52777777778,2019-05-11,5,5
2019-05-12,170940.79166666666,2019-05-12,5,6
2019-05-13,173663.69444444444,2019-05-13,5,0
2019-05-14,176303.61111111112,2019-05-14,5,1
2019-05-15,176105.54166666666,2019-05-15,5,2
2019-05-16,179131.80555555556,2019-05-16,5,3
2019-05-17,178776.875,2019-05-17,5,4
2019-05-18,178132.01388888888,2019-05-18,5,5
2019-05-19,178823.70833333334,2019-05-19,5,6
2019-05-20,180540.88888888888,2019-05-20,5,0
2019-05-21,180766.81944444444,2019-05-21,5,1
2019-05-22,182341.79032258064,2019-05-22,5,2
2019-05-23,180836.34722222222,2019-05-23,5,3
2019-05-24,179999.25,2019-05-24,5,4
2019-05-25,179602.11111111112,2019-05-25,5,5
2019-05-26,180550.13888888888,2019-05-26,5,6
2019-05-27,180661.43055555556,2019-05-27,5,0
2019-05-28,181484.27777777778,2019-05-28,5,1
2019-05-29,179761.44444444444,2019-05-29,5,2
2019-05-30,178243.56944444444,2019-05-30,5,3
2019-05-31,178463.41666666666,2019-05-31,5,4
2019-06-01,178731.11111111112,2019-06-01,6,5
2019-06-02,178751.13888888888,2019-06-02,6,6
2019-06-03,180455.23611111112,2019-06-03,6,0
2019-06-04,182294.30555555556,2019-06-04,6,1
2019-06-05,181316.9841269841,2019-06-05,6,2
2019-06-06,180228.18055555556,2019-06-06,6,3
2019-06-07,179308.875,2019-06-07,6,4
2019-06-08,179598.34722222222,2019-06-08,6,5
2019-06-09,179982.65277777778,2019-06-09,6,6
2019-06-10,180116.31944444444,2019-06-10,6,0
2019-06-11,185690.45833333334,2019-06-11,6,1
2019-06-12,178346.87323943662,2019-06-12,6,2
2019-06-13,181191.5,2019-06-13,6,3
2019-06-14,180924.375,2019-06-14,6,4
2019-06-15,179884.16666666666,2019-06-15,6,5
2019-06-16,179946.93055555556,2019-06-16,6,6
2019-06-17,180512.02816901408,2019-06-17,6,0
2019-06-18,182337.77777777778,2019-06-18,6,1
2019-06-19,182561.58333333334,2019-06-19,6,2
2019-06-20,181943.41666666666,2019-06-20,6,3
2019-06-21,181294.50980392157,2019-06-21,6,4
2019-06-22,181487.8805970149,2019-06-22,6,5
2019-06-23,181012.85915492958,2019-06-23,6,6
2019-06-24,185356.87323943662,2019-06-24,6,0
2019-06-25,186596.51388888888,2019-06-25,6,1
2019-06-26,187135.01449275363,2019-06-26,6,2
2019-06-27,183708.31944444444,2019-06-27,6,3
2019-06-28,185812.31944444444,2019-06-28,6,4
2019-06-29,182106.84722222222,2019-06-29,6,5
2019-06-30,182149.95833333334,2019-06-30,6,6
2019-07-01,182971.40277777778,2019-07-01,7,0
2019-07-02,182992.21126760563,2019-07-02,7,1
2019-07-03,182573.16666666666,2019-07-03,7,2
2019-07-04,182524.97222222222,2019-07-04,7,3
2019-07-05,182698.98611111112,2019-07-05,7,4
2019-07-06,182197.875,2019-07-06,7,5
2019-07-07,184015.68055555556,2019-07-07,7,6
2019-07-08,185124.125,2019-07-08,7,0
2019-07-09,183104.75,2019-07-09,7,1
2019-07-10,182938.73611111112,2019-07-10,7,2
2019-07-11,181136.73611111112,2019-07-11,7,3
2019-07-12,182636.06944444444,2019-07-12,7,4
2019-07-13,179887.79166666666,2019-07-13,7,5
2019-07-14,180183.36111111112,2019-07-14,7,6
2019-07-15,181166.90277777778,2019-07-15,7,0
2019-07-16,180729.15277777778,2019-07-16,7,1
2019-07-17,179203.93055555556,2019-07-17,7,2
2019-07-18,178807.76388888888,2019-07-18,7,3
2019-07-19,178202.90277777778,2019-07-19,7,4
2019-07-20,177199.11267605633,2019-07-20,7,5
2019-07-21,177389.44444444444,2019-07-21,7,6
2019-07-22,178306.40277777778,2019-07-22,7,0
2019-07-23,178261.90277777778,2019-07-23,7,1
2019-07-24,177056.375,2019-07-24,7,2
2019-07-25,176333.81944444444,2019-07-25,7,3
2019-07-26,177053.18055555556,2019-07-26,7,4
2019-07-27,175394.25,2019-07-27,7,5
2019-07-28,176856.22222222222,2019-07-28,7,6
2019-07-29,176623.95833333334,2019-07-29,7,0
2019-07-30,176757.90277777778,2019-07-30,7,1
2019-07-31,174292.34722222222,2019-07-31,7,2
2019-08-01,173477.79166666666,2019-08-01,8,3
2019-08-02,173409.16666666666,2019-08-02,8,4
2019-08-03,172967.47222222222,2019-08-03,8,5
2019-08-04,173490.54166666666,2019-08-04,8,6
2019-08-05,174015.19444444444,2019-08-05,8,0
2019-08-06,175095.09722222222,2019-08-06,8,1
2019-08-07,177103.05555555556,2019-08-07,8,2
2019-08-08,178954.23611111112,2019-08-08,8,3
2019-08-09,178344.63888888888,2019-08-09,8,4
2019-08-10,178275.5,2019-08-10,8,5
2019-08-11,180425.47222222222,2019-08-11,8,6
2019-08-12,182156.27777777778,2019-08-12,8,0
2019-08-13,192479.41666666666,2019-08-13,8,1
2019-08-14,184840.27777777778,2019-08-14,8,2
2019-08-15,184885.28169014084,2019-08-15,8,3
2019-08-16,185126.5,2019-08-16,8,4
2019-08-17,184818.23611111112,2019-08-17,8,5
2019-08-18,186954.08333333334,2019-08-18,8,6
2019-08-19,188636.63888888888,2019-08-19,8,0
2019-08-20,192317.15277777778,2019-08-20,8,1
2019-08-21,191939.84722222222,2019-08-21,8,2
2019-08-22,192940.95833333334,2019-08-22,8,3
2019-08-23,192984.375,2019-08-23,8,4
2019-08-24,195035.33333333334,2019-08-24,8,5
2019-08-25,199700.52777777778,2019-08-25,8,6
2019-08-26,216371.11111111112,2019-08-26,8,0
2019-08-27,235485.97222222222,2019-08-27,8,1
2019-08-28,215797.27777777778,2019-08-28,8,2
2019-08-29,217788.70833333334,2019-08-29,8,3
2019-08-30,208511.34722222222,2019-08-30,8,4
2019-08-31,210770.68055555556,2019-08-31,8,5
2019-09-01,212244.15277777778,2019-09-01,9,6
2019-09-02,211058.59722222222,2019-09-02,9,0
2019-09-03,212555.11111111112,2019-09-03,9,1
2019-09-04,212655.80597014926,2019-09-04,9,2
2019-09-05,215577.61111111112,2019-09-05,9,3
2019-09-06,212855.88888888888,2019-09-06,9,4
2019-09-07,213936.84722222222,2019-09-07,9,5
2019-09-08,213449.48611111112,2019-09-08,9,6
2019-09-09,216416.76388888888,2019-09-09,9,0
2019-09-10,218118.23611111112,2019-09-10,9,1
2019-09-11,221703.27777777778,2019-09-11,9,2
2019-09-12,223372.125,2019-09-12,9,3
2019-09-13,221539.25,2019-09-13,9,4
2019-09-14,220799.41666666666,2019-09-14,9,5
2019-09-15,221906.15277777778,2019-09-15,9,6
2019-09-16,225597.66666666666,2019-09-16,9,0
2019-09-17,228676.56944444444,2019-09-17,9,1
2019-09-18,232562.41666666666,2019-09-18,9,2
2019-09-19,236731.55555555556,2019-09-19,9,3
2019-09-20,236432.58333333334,2019-09-20,9,4
2019-09-21,233144.54929577466,2019-09-21,9,5
2019-09-22,233051.58333333334,2019-09-22,9,6
2019-09-23,236805.75,2019-09-23,9,0
2019-09-24,240917.45833333334,2019-09-24,9,1
2019-09-25,239465.69565217392,2019-09-25,9,2
2019-09-26,236132.23611111112,2019-09-26,9,3
2019-09-27,234097.53521126762,2019-09-27,9,4
2019-09-28,227888.65277777778,2019-09-28,9,5
2019-09-29,225899.27777777778,2019-09-29,9,6
2019-09-30,225725.30555555556,2019-09-30,9,0
2019-10-01,226848.73611111112,2019-10-01,10,1
2019-10-02,231219.14084507042,2019-10-02,10,2
2019-10-03,226606.61111111112,2019-10-03,10,3
2019-10-04,225475.43055555556,2019-10-04,10,4
2019-10-05,224168.48611111112,2019-10-05,10,5
2019-10-06,223576.45070422534,2019-10-06,10,6
2019-10-07,227227.0,2019-10-07,10,0
2019-10-08,230473.41666666666,2019-10-08,10,1
2019-10-09,227661.68055555556,2019-10-09,10,2
2019-10-10,223788.95833333334,2019-10-10,10,3
2019-10-11,227507.94444444444,2019-10-11,10,4
2019-10-12,224859.43055555556,2019-10-12,10,5
2019-10-13,226832.875,2019-10-13,10,6
2019-10-14,224761.875,2019-10-14,10,0
2019-10-15,227134.81944444444,2019-10-15,10,1
2019-10-16,227481.13888888888,2019-10-16,10,2
2019-10-17,225998.75,2019-10-17,10,3
2019-10-18,226995.40277777778,2019-10-18,10,4
2019-10-19,227034.63888888888,2019-10-19,10,5
2019-10-20,230180.41666666666,2019-10-20,10,6
2019-10-21,232213.84722222222,2019-10-21,10,0
2019-10-22,235516.58333333334,2019-10-22,10,1
2019-10-23,234702.93055555556,2019-10-23,10,2
2019-10-24,239317.76388888888,2019-10-24,10,3
2019-10-25,242045.72222222222,2019-10-25,10,4
2019-10-26,240789.47222222222,2019-10-26,10,5
2019-10-27,241521.69333333333,2019-10-27,10,6
2019-10-28,246010.05555555556,2019-10-28,10,0
2019-10-29,248136.59722222222,2019-10-29,10,1
2019-10-30,243775.93055555556,2019-10-30,10,2
2019-10-31,241914.29166666666,2019-10-31,10,3
2019-11-01,250275.63888888888,2019-11-01,11,4
2019-11-02,272789.7916666667,2019-11-02,11,5
2019-11-03,260260.84722222222,2019-11-03,11,6
2019-11-04,258062.31944444444,2019-11-04,11,0
2019-11-05,253625.05555555556,2019-11-05,11,1
2019-11-06,253103.90277777778,2019-11-06,11,2
2019-11-07,252900.16666666666,2019-11-07,11,3
2019-11-08,248405.61111111112,2019-11-08,11,4
2019-11-09,244584.25,2019-11-09,11,5
2019-11-10,243566.09722222222,2019-11-10,11,6
2019-11-11,245355.22222222222,2019-11-11,11,0
2019-11-12,243907.36111111112,2019-11-12,11,1
2019-11-13,240730.05555555556,2019-11-13,11,2
2019-11-14,242019.05555555556,2019-11-14,11,3
2019-11-15,239292.22222222222,2019-11-15,11,4
2019-11-16,239811.72222222222,2019-11-16,11,5
2019-11-17,240782.31944444444,2019-11-17,11,6
2019-11-18,239589.69444444444,2019-11-18,11,0
2019-11-19,238970.375,2019-11-19,11,1
2019-11-20,238959.83333333334,2019-11-20,11,2
2019-11-21,237063.04166666666,2019-11-21,11,3
2019-11-22,233394.05555555556,2019-11-22,11,4
2019-11-23,231233.91666666666,2019-11-23,11,5
2019-11-24,230628.97222222222,2019-11-24,11,6
2019-11-25,230003.45833333334,2019-11-25,11,0
2019-11-26,232124.421875,2019-11-26,11,1
2019-11-27,248042.84722222222,2019-11-27,11,2
2019-11-28,233944.34722222222,2019-11-28,11,3
2019-11-29,228062.5,2019-11-29,11,4
2019-11-30,226325.13888888888,2019-11-30,11,5
2019-12-01,231144.02777777778,2019-12-01,12,6
2019-12-02,230515.38028169013,2019-12-02,12,0
2019-12-03,228395.55555555556,2019-12-03,12,1
2019-12-04,226624.22222222222,2019-12-04,12,2
2019-12-05,228018.2142857143,2019-12-05,12,3
2019-12-06,228017.76388888888,2019-12-06,12,4
2019-12-07,226419.63888888888,2019-12-07,12,5
2019-12-08,226041.43055555556,2019-12-08,12,6
2019-12-09,227628.01388888888,2019-12-09,12,0
2019-12-10,227018.83333333334,2019-12-10,12,1
2019-12-11,225243.68055555556,2019-12-11,12,2
2019-12-12,224380.23611111112,2019-12-12,12,3
2019-12-13,224841.72222222222,2019-12-13,12,4
2019-12-14,222922.81690140846,2019-12-14,12,5
2019-12-15,224340.29166666666,2019-12-15,12,6
2019-12-16,224282.08333333334,2019-12-16,12,0
2019-12-17,222667.09722222222,2019-12-17,12,1
2019-12-18,222664.81690140846,2019-12-18,12,2
2019-12-19,227062.25,2019-12-19,12,3
2019-12-20,233126.45833333334,2019-12-20,12,4
2019-12-21,229682.09722222222,2019-12-21,12,5
2019-12-22,229499.94444444444,2019-12-22,12,6
2019-12-23,227306.88888888888,2019-12-23,12,0
2019-12-24,226856.7162162162,2019-12-24,12,1
2019-12-25,225156.04166666666,2019-12-25,12,2
2019-12-26,225559.40277777778,2019-12-26,12,3
2019-12-27,222776.0704225352,2019-12-27,12,4
2019-12-28,224482.51388888888,2019-12-28,12,5
2019-12-29,223372.02777777778,2019-12-29,12,6
2019-12-30,222391.86111111112,2019-12-30,12,0
2019-12-31,222492.60563380283,2019-12-31,12,1
2020-01-01,223997.45070422534,2020-01-01,1,2
2020-01-02,222275.63888888888,2020-01-02,1,3
2020-01-03,224682.15277777778,2020-01-03,1,4
2020-01-04,222006.44444444444,2020-01-04,1,5
2020-01-05,222636.61111111112,2020-01-05,1,6
2020-01-06,227926.5,2020-01-06,1,0
2020-01-07,226489.66666666666,2020-01-07,1,1
2020-01-08,224508.16666666666,2020-01-08,1,2
2020-01-09,225402.625,2020-01-09,1,3
2020-01-10,222861.59722222222,2020-01-10,1,4
2020-01-11,222581.11111111112,2020-01-11,1,5
2020-01-12,223141.08333333334,2020-01-12,1,6
2020-01-13,225675.15277777778,2020-01-13,1,0
2020-01-14,230263.19444444444,2020-01-14,1,1
2020-01-15,230428.61764705883,2020-01-15,1,2
2020-01-16,227216.54929577466,2020-01-16,1,3
2020-01-17,227292.25,2020-01-17,1,4
2020-01-18,225656.39436619717,2020-01-18,1,5
2020-01-19,225991.47222222222,2020-01-19,1,6
2020-01-20,229200.19444444444,2020-01-20,1,0
2020-01-21,225742.95833333334,2020-01-21,1,1
2020-01-22,224088.86111111112,2020-01-22,1,2
2020-01-23,227393.43055555556,2020-01-23,1,3
2020-01-24,222324.15,2020-01-24,1,4
2020-01-27,216818.7857142857,2020-01-27,1,0
2020-01-28,217928.44444444444,2020-01-28,1,1
2020-01-29,220218.44615384616,2020-01-29,1,2
2020-01-30,216846.44444444444,2020-01-30,1,3
2020-01-31,211598.27777777778,2020-01-31,1,4
2020-02-01,209510.41666666666,2020-02-01,2,5
2020-02-02,208689.86666666667,2020-02-02,2,6
2020-02-03,208999.54166666666,2020-02-03,2,0
2020-02-04,208097.43055555556,2020-02-04,2,1
2020-02-05,207732.48571428572,2020-02-05,2,2
2020-02-06,207012.5,2020-02-06,2,3
2020-02-07,205457.22222222222,2020-02-07,2,4
2020-02-08,205813.51388888888,2020-02-08,2,5
2020-02-09,204814.375,2020-02-09,2,6
2020-02-10,205670.08823529413,2020-02-10,2,0
2020-02-11,203141.0,2020-02-11,2,1
2020-02-12,205061.1690140845,2020-02-12,2,2
2020-02-13,204109.63888888888,2020-02-13,2,3
2020-02-14,205104.375,2020-02-14,2,4
2020-02-15,203132.83333333334,2020-02-15,2,5
2020-02-16,203561.70833333334,2020-02-16,2,6
2020-02-17,204444.27777777778,2020-02-17,2,0
2020-02-18,204417.3,2020-02-18,2,1
2020-02-19,202921.77777777778,2020-02-19,2,2
2020-02-20,203227.5,2020-02-20,2,3
2020-02-21,203239.80555555556,2020-02-21,2,4
2020-02-22,202364.36111111112,2020-02-22,2,5
2020-02-23,203347.55555555556,2020-02-23,2,6
2020-02-24,206639.25,2020-02-24,2,0
2020-02-25,204265.36111111112,2020-02-25,2,1
2020-02-26,203674.06944444444,2020-02-26,2,2
2020-02-27,201482.38888888888,2020-02-27,2,3
2020-02-28,199083.0,2020-02-28,2,4
2020-02-29,198609.79166666666,2020-02-29,2,5
2020-03-01,197070.81690140846,2020-03-01,3,6
2020-03-02,198940.05555555556,2020-03-02,3,0
2020-03-03,197763.91666666666,2020-03-03,3,1
2020-03-04,198232.08450704225,2020-03-04,3,2
2020-03-05,197659.375,2020-03-05,3,3
2020-03-06,195572.66666666666,2020-03-06,3,4
2020-03-07,193158.63888888888,2020-03-07,3,5
2020-03-08,194280.11111111112,2020-03-08,3,6
2020-03-09,196669.5,2020-03-09,3,0
2020-03-10,196142.70833333334,2020-03-10,3,1
2020-03-11,197220.95833333334,2020-03-11,3,2
2020-03-12,196184.44444444444,2020-03-12,3,3
2020-03-13,196865.52777777778,2020-03-13,3,4
2020-03-14,195455.59722222222,2020-03-14,3,5
2020-03-15,196829.16666666666,2020-03-15,3,6
2020-03-16,199277.65277777778,2020-03-16,3,0
2020-03-17,197755.45833333334,2020-03-17,3,1
2020-03-18,199702.09722222222,2020-03-18,3,2
2020-03-19,197527.98611111112,2020-03-19,3,3
2020-03-20,199812.55555555556,2020-03-20,3,4
2020-03-21,211386.0,2020-03-21,3,5
2020-03-22,197070.86111111112,2020-03-22,3,6
2020-03-23,198594.01388888888,2020-03-23,3,0
2020-03-24,196529.79166666666,2020-03-24,3,1
2020-03-25,194229.66666666666,2020-03-25,3,2
2020-03-26,193463.26086956522,2020-03-26,3,3
2020-03-27,192072.4,2020-03-27,3,4
2020-03-28,190091.625,2020-03-28,3,5
2020-03-29,191942.884057971,2020-03-29,3,6
2020-03-30,190834.19444444444,2020-03-30,3,0
2020-03-31,189236.81944444444,2020-03-31,3,1
2020-04-01,187702.01408450704,2020-04-01,4,2
2020-04-02,184676.47887323942,2020-04-02,4,3
2020-04-03,182746.23611111112,2020-04-03,4,4
2020-04-04,181320.9295774648,2020-04-04,4,5
2020-04-05,182146.31944444444,2020-04-05,4,6
2020-04-06,183074.27777777778,2020-04-06,4,0
2020-04-07,182286.76388888888,2020-04-07,4,1
2020-04-08,185281.81944444444,2020-04-08,4,2
2020-04-09,181203.09722222222,2020-04-09,4,3
2020-04-10,182716.38888888888,2020-04-10,4,4
2020-04-11,182164.44444444444,2020-04-11,4,5
2020-04-12,185071.52777777778,2020-04-12,4,6
2020-04-13,183886.33333333334,2020-04-13,4,0
2020-04-14,181543.11111111112,2020-04-14,4,1
2020-04-15,183169.10714285713,2020-04-15,4,2
2020-04-16,180040.35211267605,2020-04-16,4,3
2020-04-17,178880.09722222222,2020-04-17,4,4
2020-04-18,178492.59722222222,2020-04-18,4,5
2020-04-19,179242.35211267605,2020-04-19,4,6
2020-04-20,179039.76388888888,2020-04-20,4,0
2020-04-21,178763.69444444444,2020-04-21,4,1
2020-04-22,180427.88888888888,2020-04-22,4,2
2020-04-23,179018.23611111112,2020-04-23,4,3
2020-04-24,176527.43055555556,2020-04-24,4,4
2020-04-25,176155.29166666666,2020-04-25,4,5
2020-04-26,176019.98611111112,2020-04-26,4,6
2020-04-27,176050.20833333334,2020-04-27,4,0
2020-04-28,175408.93055555556,2020-04-28,4,1
2020-04-29,172201.32394366196,2020-04-29,4,2
2020-04-30,171149.36111111112,2020-04-30,4,3
2020-05-01,168310.08333333334,2020-05-01,5,4
2020-05-02,168622.15277777778,2020-05-02,5,5
2020-05-03,168820.4084507042,2020-05-03,5,6
2020-05-04,169411.79166666666,2020-05-04,5,0
2020-05-05,169853.73611111112,2020-05-05,5,1
2020-05-06,168968.49295774646,2020-05-06,5,2
2020-05-07,169035.91666666666,2020-05-07,5,3
2020-05-08,168166.33333333334,2020-05-08,5,4
2020-05-09,168483.41666666666,2020-05-09,5,5
2020-05-10,169897.26388888888,2020-05-10,5,6
2020-05-11,169854.51388888888,2020-05-11,5,0
2020-05-12,169937.36111111112,2020-05-12,5,1
2020-05-13,171392.11428571428,2020-05-13,5,2
2020-05-14,169137.4927536232,2020-05-14,5,3
2020-05-15,169972.875,2020-05-15,5,4
2020-05-16,169332.05555555556,2020-05-16,5,5
2020-05-17,170681.5,2020-05-17,5,6
2020-05-18,170148.88888888888,2020-05-18,5,0
2020-05-19,173083.77777777778,2020-05-19,5,1
2020-05-20,171683.58333333334,2020-05-20,5,2
2020-05-21,170035.79166666666,2020-05-21,5,3
2020-05-22,168414.29166666666,2020-05-22,5,4
2020-05-23,169138.52777777778,2020-05-23,5,5
2020-05-24,169584.68055555556,2020-05-24,5,6
2020-05-25,169000.11111111112,2020-05-25,5,0
2020-05-26,169631.40277777778,2020-05-26,5,1
2020-05-27,168569.11111111112,2020-05-27,5,2
2020-05-28,168997.31944444444,2020-05-28,5,3
2020-05-29,168845.41666666666,2020-05-29,5,4
2020-05-30,168772.94444444444,2020-05-30,5,5
2020-05-31,168575.20833333334,2020-05-31,5,6
2020-06-01,169274.26388888888,2020-06-01,6,0
2020-06-02,169297.34722222222,2020-06-02,6,1
2020-06-03,170225.83333333334,2020-06-03,6,2
2020-06-04,169531.94444444444,2020-06-04,6,3
2020-06-05,168617.625,2020-06-05,6,4
2020-06-06,167932.97222222222,2020-06-06,6,5
2020-06-07,168464.45833333334,2020-06-07,6,6
2020-06-08,169679.71014492755,2020-06-08,6,0
2020-06-09,169215.25,2020-06-09,6,1
2020-06-10,168525.84722222222,2020-06-10,6,2
2020-06-11,168207.01388888888,2020-06-11,6,3
2020-06-12,168126.01388888888,2020-06-12,6,4
2020-06-13,168583.94444444444,2020-06-13,6,5
2020-06-14,169294.52777777778,2020-06-14,6,6
2020-06-15,170218.47222222222,2020-06-15,6,0
2020-06-16,171486.05555555556,2020-06-16,6,1
2020-06-17,170258.18055555556,2020-06-17,6,2
2020-06-18,170599.40277777778,2020-06-18,6,3
2020-06-19,170216.1971830986,2020-06-19,6,4
2020-06-20,170627.06944444444,2020-06-20,6,5
2020-06-21,171818.86111111112,2020-06-21,6,6
2020-06-22,172060.41666666666,2020-06-22,6,0
2020-06-23,172363.20833333334,2020-06-23,6,1
2020-06-24,172308.59722222222,2020-06-24,6,2
2020-06-25,171385.66666666666,2020-06-25,6,3
2020-06-26,170939.72222222222,2020-06-26,6,4
2020-06-27,170708.30555555556,2020-06-27,6,5
2020-06-28,170488.88888888888,2020-06-28,6,6
2020-06-29,171184.51388888888,2020-06-29,6,0
2020-06-30,171751.63888888888,2020-06-30,6,1
2020-07-01,173714.02777777778,2020-07-01,7,2
2020-07-02,173118.84722222222,2020-07-02,7,3
2020-07-03,172105.51388888888,2020-07-03,7,4
2020-07-04,171989.11111111112,2020-07-04,7,5
2020-07-05,172944.51388888888,2020-07-05,7,6
2020-07-06,174303.875,2020-07-06,7,0
2020-07-07,173838.27777777778,2020-07-07,7,1
2020-07-08,174891.5,2020-07-08,7,2
2020-07-09,176358.26388888888,2020-07-09,7,3
2020-07-10,176959.76388888888,2020-07-10,7,4
2020-07-11,177148.48611111112,2020-07-11,7,5
2020-07-12,178828.97183098592,2020-07-12,7,6
2020-07-13,178954.6811594203,2020-07-13,7,0
2020-07-14,182117.73611111112,2020-07-14,7,1
2020-07-15,183030.75,2020-07-15,7,2
2020-07-16,182744.77777777778,2020-07-16,7,3
2020-07-17,183827.94444444444,2020-07-17,7,4
2020-07-18,183398.47222222222,2020-07-18,7,5
2020-07-19,187603.05555555556,2020-07-19,7,6
2020-07-20,190496.93055555556,2020-07-20,7,0
2020-07-21,188508.97222222222,2020-07-21,7,1
2020-07-22,185904.7142857143,2020-07-22,7,2
2020-07-23,185157.38888888888,2020-07-23,7,3
2020-07-24,181070.375,2020-07-24,7,4
2020-07-25,179579.77777777778,2020-07-25,7,5
2020-07-26,179834.59722222222,2020-07-26,7,6
2020-07-27,180276.73611111112,2020-07-27,7,0
2020-07-28,179369.06944444444,2020-07-28,7,1
2020-07-29,178894.05714285714,2020-07-29,7,2
2020-07-30,178224.8028169014,2020-07-30,7,3
2020-07-31,176634.13888888888,2020-07-31,7,4
2020-08-01,175325.95833333334,2020-08-01,8,5
2020-08-02,177143.93055555556,2020-08-02,8,6
2020-08-03,177229.15873015873,2020-08-03,8,0
2020-08-04,183824.45901639343,2020-08-04,8,1
2020-08-05,170295.98550724637,2020-08-05,8,2
2020-08-06,182356.58333333334,2020-08-06,8,3
2020-08-07,178546.36111111112,2020-08-07,8,4
2020-08-08,176644.56944444444,2020-08-08,8,5
2020-08-09,178353.68055555556,2020-08-09,8,6
2020-08-10,179316.69444444444,2020-08-10,8,0
2020-08-11,179953.68055555556,2020-08-11,8,1
2020-08-12,178628.35714285713,2020-08-12,8,2
2020-08-13,178192.95833333334,2020-08-13,8,3
2020-08-14,177964.05555555556,2020-08-14,8,4
2020-08-15,177940.97222222222,2020-08-15,8,5
2020-08-16,177446.93055555556,2020-08-16,8,6
2020-08-17,178559.5,2020-08-17,8,0
2020-08-18,178006.85915492958,2020-08-18,8,1
2020-08-19,178315.88888888888,2020-08-19,8,2
2020-08-20,178417.80555555556,2020-08-20,8,3
2020-08-21,177529.4328358209,2020-08-21,8,4
2020-08-22,178276.29166666666,2020-08-22,8,5
2020-08-23,177533.25,2020-08-23,8,6
2020-08-24,177985.79166666666,2020-08-24,8,0
2020-08-25,177008.59722222222,2020-08-25,8,1
2020-08-26,177206.54166666666,2020-08-26,8,2
2020-08-27,177434.26388888888,2020-08-27,8,3
2020-08-28,176468.4366197183,2020-08-28,8,4
2020-08-29,176529.08333333334,2020-08-29,8,5
2020-08-30,176650.625,2020-08-30,8,6
2020-08-31,176134.05555555556,2020-08-31,8,0
2020-09-01,176252.14084507042,2020-09-01,9,1
2020-09-02,176547.91666666666,2020-09-02,9,2
2020-09-03,177694.73333333334,2020-09-03,9,3
2020-09-09,177840.3777777778,2020-09-09,9,2
2020-09-10,177758.88888888888,2020-09-10,9,3
2020-09-11,178475.625,2020-09-11,9,4
2020-09-12,178115.875,2020-09-12,9,5
2020-09-13,178197.55555555556,2020-09-13,9,6
2020-09-14,180503.01388888888,2020-09-14,9,0
2020-09-15,179756.5,2020-09-15,9,1
2020-09-16,180051.54929577466,2020-09-16,9,2
2020-09-17,182019.27536231885,2020-09-17,9,3
2020-09-18,183329.6338028169,2020-09-18,9,4
2020-09-19,184367.27777777778,2020-09-19,9,5
2020-09-20,185684.61111111112,2020-09-20,9,6
2020-09-21,191357.04166666666,2020-09-21,9,0
2020-09-22,194806.65277777778,2020-09-22,9,1
2020-09-23,192394.98550724637,2020-09-23,9,2
2020-09-24,194711.61111111112,2020-09-24,9,3
2020-09-25,190850.75,2020-09-25,9,4
2020-09-26,189116.81944444444,2020-09-26,9,5
2020-09-27,189766.22222222222,2020-09-27,9,6
2020-09-28,190853.18055555556,2020-09-28,9,0
2020-09-29,191130.53521126762,2020-09-29,9,1
2020-09-30,189620.69444444444,2020-09-30,9,2
2020-10-01,190566.72222222222,2020-10-01,10,3
2020-10-02,188256.30555555556,2020-10-02,10,4
2020-10-03,189073.79166666666,2020-10-03,10,5
2020-10-04,188933.375,2020-10-04,10,6
2020-10-05,190477.76388888888,2020-10-05,10,0
2020-10-06,192171.92857142858,2020-10-06,10,1
2020-10-07,191510.95833333334,2020-10-07,10,2
2020-10-08,194074.31944444444,2020-10-08,10,3
2020-10-09,194810.70833333334,2020-10-09,10,4
2020-10-10,190301.88888888888,2020-10-10,10,5
2020-10-11,192499.18055555556,2020-10-11,10,6
2020-10-12,191584.91549295775,2020-10-12,10,0
2020-10-13,192069.125,2020-10-13,10,1
2020-10-14,203243.19047619047,2020-10-14,10,2
2020-10-15,193493.20754716982,2020-10-15,10,3
2020-10-16,194013.52777777778,2020-10-16,10,4
2020-10-17,192471.70833333334,2020-10-17,10,5
2020-10-18,193597.52777777778,2020-10-18,10,6
2020-10-19,193563.35211267605,2020-10-19,10,0
2020-10-20,194644.23611111112,2020-10-20,10,1
2020-10-21,195281.72222222222,2020-10-21,10,2
2020-10-22,195980.20833333334,2020-10-22,10,3
2020-10-23,193061.26388888888,2020-10-23,10,4
2020-10-24,191937.05555555556,2020-10-24,10,5
2020-10-25,192928.43835616438,2020-10-25,10,6
2020-10-26,193667.98611111112,2020-10-26,10,0
2020-10-27,195873.8088235294,2020-10-27,10,1
2020-10-28,195182.4084507042,2020-10-28,10,2
2020-10-29,194893.04166666666,2020-10-29,10,3
2020-10-30,192685.09722222222,2020-10-30,10,4
2020-10-31,192992.9295774648,2020-10-31,10,5
2020-11-01,193508.02777777778,2020-11-01,11,6
2020-11-02,194594.9705882353,2020-11-02,11,0
2020-11-03,193895.66666666666,2020-11-03,11,1
2020-11-04,195291.68253968254,2020-11-04,11,2
2020-11-05,194746.29166666666,2020-11-05,11,3
2020-11-06,193722.63888888888,2020-11-06,11,4
2020-11-07,192170.13888888888,2020-11-07,11,5
2020-11-08,193906.59722222222,2020-11-08,11,6
2020-11-09,194517.66666666666,2020-11-09,11,0
2020-11-10,199420.54166666666,2020-11-10,11,1
2020-11-11,198048.86111111112,2020-11-11,11,2
2020-11-12,198520.29577464788,2020-11-12,11,3
2020-11-13,198410.0,2020-11-13,11,4
2020-11-14,197709.30555555556,2020-11-14,11,5
2020-11-15,198539.32394366196,2020-11-15,11,6
2020-11-16,200552.05555555556,2020-11-16,11,0
2020-11-17,201311.375,2020-11-17,11,1
2020-11-18,201202.55714285714,2020-11-18,11,2
2020-11-19,199720.13888888888,2020-11-19,11,3
2020-11-20,198500.79166666666,2020-11-20,11,4
2020-11-21,196396.625,2020-11-21,11,5
2020-11-22,196830.125,2020-11-22,11,6
2020-11-23,196447.59722222222,2020-11-23,11,0
2020-11-24,200891.04166666666,2020-11-24,11,1
2020-11-25,181662.01449275363,2020-11-25,11,2
2020-11-26,171454.46478873238,2020-11-26,11,3
2020-11-27,166631.16666666666,2020-11-27,11,4
2020-11-28,162636.93055555556,2020-11-28,11,5
2020-11-29,162036.33333333334,2020-11-29,11,6
2020-11-30,161225.94285714286,2020-11-30,11,0
2020-12-01,158919.79104477612,2020-12-01,12,1
2020-12-02,157578.4366197183,2020-12-02,12,2
2020-12-03,157135.33333333334,2020-12-03,12,3
2020-12-04,156453.0,2020-12-04,12,4
2020-12-05,156839.51388888888,2020-12-05,12,5
2020-12-06,158751.30555555556,2020-12-06,12,6
2020-12-07,161776.26388888888,2020-12-07,12,0
2020-12-08,165193.31944444444,2020-12-08,12,1
2020-12-09,162698.45833333334,2020-12-09,12,2
2020-12-10,164024.43055555556,2020-12-10,12,3
2020-12-11,163603.51388888888,2020-12-11,12,4
2020-12-12,160987.61971830987,2020-12-12,12,5
2020-12-13,161338.26388888888,2020-12-13,12,6
2020-12-14,162990.27777777778,2020-12-14,12,0
2020-12-15,161443.97222222222,2020-12-15,12,1
2020-12-16,160648.0704225352,2020-12-16,12,2
2020-12-17,159964.8028169014,2020-12-17,12,3
2020-12-18,159285.86111111112,2020-12-18,12,4
2020-12-19,159008.78125,2020-12-19,12,5
2021-01-03,161188.22222222222,2021-01-03,1,6
2021-01-04,161716.48611111112,2021-01-04,1,0
2021-01-05,162237.72222222222,2021-01-05,1,1
2021-01-06,158540.14285714287,2021-01-06,1,2
2021-01-07,158357.19444444444,2021-01-07,1,3
2021-01-08,158536.04225352113,2021-01-08,1,4
2021-01-09,158535.79166666666,2021-01-09,1,5
2021-01-10,160445.77777777778,2021-01-10,1,6
2021-01-11,162693.58333333334,2021-01-11,1,0
2021-01-12,163558.31944444444,2021-01-12,1,1
2021-01-13,161020.3661971831,2021-01-13,1,2
2021-01-14,160985.66666666666,2021-01-14,1,3
2021-01-15,160434.18,2021-01-15,1,4
